CAB,MONTH,SOURCE,KAT,NOM
BDGGAT,01-Dec-24,INVOICE,GO RESTO,331466235
BDGGAT,01-Dec-24,INVOICE,GRAB FOOD,127229025
BDGGAT,01-Dec-24,INVOICE,QRIS SHOPEE,348110001
BDGGAT,01-Dec-24,INVOICE,SHOPEEPAY,724459426
BDGGAT,01-Dec-24,WEB,CASH,899647000
BDGGAT,01-Dec-24,WEB,CLOUD VOUCHER,6508000
BDGGAT,01-Dec-24,WEB,EDC,82162500
BDGGAT,01-Dec-24,WEB,GO RESTO,331466235
BDGGAT,01-Dec-24,WEB,GRAB FOOD,127300526
BDGGAT,01-Dec-24,WEB,QRIS SHOPEE,348443000
BDGGAT,01-Dec-24,WEB,RESERVASI,110000
BDGGAT,01-Dec-24,WEB,SHOPEEPAY,724396242
BDGNAS,01-Dec-24,INVOICE,GO RESTO,319299019
BDGNAS,01-Dec-24,INVOICE,GRAB FOOD,199783684.3
BDGNAS,01-Dec-24,INVOICE,QRIS SHOPEE,27000
BDGNAS,01-Dec-24,INVOICE,SHOPEEPAY,1046969770
BDGNAS,01-Dec-24,WEB,CASH,1334537000
BDGNAS,01-Dec-24,WEB,CLOUD VOUCHER,6395000
BDGNAS,01-Dec-24,WEB,EDC,425556000
BDGNAS,01-Dec-24,WEB,GO RESTO,319372004
BDGNAS,01-Dec-24,WEB,GRAB FOOD,200061693
BDGNAS,01-Dec-24,WEB,QRIS SHOPEE,31000
BDGNAS,01-Dec-24,WEB,SHOPEEPAY,1046762579
BDGPAS,01-Dec-24,INVOICE,GO RESTO,269400613
BDGPAS,01-Dec-24,INVOICE,GRAB FOOD,151758067
BDGPAS,01-Dec-24,INVOICE,QRIS SHOPEE,177134000
BDGPAS,01-Dec-24,INVOICE,SHOPEEPAY,473195260
BDGPAS,01-Dec-24,WEB,CASH,560627000
BDGPAS,01-Dec-24,WEB,CLOUD VOUCHER,1752500
BDGPAS,01-Dec-24,WEB,EDC,93289000
BDGPAS,01-Dec-24,WEB,GO RESTO,269430611
BDGPAS,01-Dec-24,WEB,GRAB FOOD,151809070
BDGPAS,01-Dec-24,WEB,QRIS SHOPEE,177191500
BDGPAS,01-Dec-24,WEB,SHOPEEPAY,472836897
BDGUKU,01-Dec-24,INVOICE,GO RESTO,133073196
BDGUKU,01-Dec-24,INVOICE,GRAB FOOD,144801663
BDGUKU,01-Dec-24,INVOICE,QRIS SHOPEE,140406000
BDGUKU,01-Dec-24,INVOICE,SHOPEEPAY,268664028
BDGUKU,01-Dec-24,WEB,CASH,452435000
BDGUKU,01-Dec-24,WEB,CLOUD VOUCHER,2458000
BDGUKU,01-Dec-24,WEB,EDC,92217500
BDGUKU,01-Dec-24,WEB,GO RESTO,133002689
BDGUKU,01-Dec-24,WEB,GRAB FOOD,145122185
BDGUKU,01-Dec-24,WEB,QRIS SHOPEE,140404000
BDGUKU,01-Dec-24,WEB,SHOPEEPAY,268832344
BGRPAD,01-Dec-24,INVOICE,GO RESTO,341660229
BGRPAD,01-Dec-24,INVOICE,GRAB FOOD,349540697.3
BGRPAD,01-Dec-24,INVOICE,QRIS SHOPEE,317170500
BGRPAD,01-Dec-24,INVOICE,SHOPEEPAY,495602982
BGRPAD,01-Dec-24,WEB,CASH,1272864000
BGRPAD,01-Dec-24,WEB,CLOUD VOUCHER,6631000
BGRPAD,01-Dec-24,WEB,EDC,209795500
BGRPAD,01-Dec-24,WEB,GO RESTO,341660215
BGRPAD,01-Dec-24,WEB,GRAB FOOD,350104669
BGRPAD,01-Dec-24,WEB,QRIS SHOPEE,317171000
BGRPAD,01-Dec-24,WEB,SHOPEEPAY,495519393
BGRSAP,01-Dec-24,INVOICE,GO RESTO,196050939
BGRSAP,01-Dec-24,INVOICE,GRAB FOOD,242403964
BGRSAP,01-Dec-24,INVOICE,QRIS SHOPEE,173787500
BGRSAP,01-Dec-24,INVOICE,SHOPEEPAY,287587452
BGRSAP,01-Dec-24,WEB,CASH,1001070500
BGRSAP,01-Dec-24,WEB,CLOUD VOUCHER,4309000
BGRSAP,01-Dec-24,WEB,EDC,107290500
BGRSAP,01-Dec-24,WEB,GO RESTO,196165493
BGRSAP,01-Dec-24,WEB,GRAB FOOD,242565968
BGRSAP,01-Dec-24,WEB,QRIS SHOPEE,173773500
BGRSAP,01-Dec-24,WEB,SHOPEEPAY,287346517
BKSGOL,01-Dec-24,INVOICE,GO RESTO,538351611
BKSGOL,01-Dec-24,INVOICE,GRAB FOOD,347126847.6
BKSGOL,01-Dec-24,INVOICE,QRIS SHOPEE,217316000
BKSGOL,01-Dec-24,INVOICE,SHOPEEPAY,748431355
BKSGOL,01-Dec-24,WEB,CASH,1760951500
BKSGOL,01-Dec-24,WEB,CLOUD VOUCHER,4677000
BKSGOL,01-Dec-24,WEB,EDC,218638000
BKSGOL,01-Dec-24,WEB,GO RESTO,538755610
BKSGOL,01-Dec-24,WEB,GRAB FOOD,347131490
BKSGOL,01-Dec-24,WEB,QRIS SHOPEE,217314500
BKSGOL,01-Dec-24,WEB,SHOPEEPAY,748438953
BKSJAT,01-Dec-24,INVOICE,GO RESTO,522764291
BKSJAT,01-Dec-24,INVOICE,GRAB FOOD,365099163
BKSJAT,01-Dec-24,INVOICE,QRIS SHOPEE,286520473
BKSJAT,01-Dec-24,INVOICE,SHOPEEPAY,712759721
BKSJAT,01-Dec-24,WEB,CASH,1281166500
BKSJAT,01-Dec-24,WEB,CLOUD VOUCHER,11231500
BKSJAT,01-Dec-24,WEB,EDC,142723000
BKSJAT,01-Dec-24,WEB,GO RESTO,523084288
BKSJAT,01-Dec-24,WEB,GRAB FOOD,365595687
BKSJAT,01-Dec-24,WEB,QRIS SHOPEE,287031000
BKSJAT,01-Dec-24,WEB,SHOPEEPAY,713868715
BKSJUA,01-Dec-24,INVOICE,GO RESTO,680024594
BKSJUA,01-Dec-24,INVOICE,GRAB FOOD,436035726.2
BKSJUA,01-Dec-24,INVOICE,QRIS SHOPEE,533400000
BKSJUA,01-Dec-24,INVOICE,SHOPEEPAY,882137261
BKSJUA,01-Dec-24,WEB,CASH,2061711500
BKSJUA,01-Dec-24,WEB,CLOUD VOUCHER,18355000
BKSJUA,01-Dec-24,WEB,EDC,214733500
BKSJUA,01-Dec-24,WEB,GO RESTO,679764569
BKSJUA,01-Dec-24,WEB,GRAB FOOD,438431612
BKSJUA,01-Dec-24,WEB,QRIS SHOPEE,533320500
BKSJUA,01-Dec-24,WEB,RESERVASI,55500
BKSJUA,01-Dec-24,WEB,SHOPEEPAY,880173123
BKSWIB,01-Dec-24,INVOICE,GO RESTO,560746301
BKSWIB,01-Dec-24,INVOICE,GRAB FOOD,311934107.2
BKSWIB,01-Dec-24,INVOICE,QRIS SHOPEE,232170000
BKSWIB,01-Dec-24,INVOICE,SHOPEEPAY,613946643
BKSWIB,01-Dec-24,WEB,CASH,1170570000
BKSWIB,01-Dec-24,WEB,CLOUD VOUCHER,12684000
BKSWIB,01-Dec-24,WEB,EDC,156785000
BKSWIB,01-Dec-24,WEB,GO RESTO,560818294
BKSWIB,01-Dec-24,WEB,GRAB FOOD,312251029
BKSWIB,01-Dec-24,WEB,QRIS SHOPEE,232170000
BKSWIB,01-Dec-24,WEB,SHOPEEPAY,613495320
BTUSUP,01-Dec-24,INVOICE,GO RESTO,234665745
BTUSUP,01-Dec-24,INVOICE,GRAB FOOD,227087978
BTUSUP,01-Dec-24,INVOICE,QRIS ESB,131635000
BTUSUP,01-Dec-24,INVOICE,QRIS SHOPEE,179000
BTUSUP,01-Dec-24,INVOICE,SHOPEEPAY,503828118
BTUSUP,01-Dec-24,WEB,CASH,747037500
BTUSUP,01-Dec-24,WEB,EDC,31418000
BTUSUP,01-Dec-24,WEB,GO RESTO,223737345
BTUSUP,01-Dec-24,WEB,GRAB FOOD,227450967
BTUSUP,01-Dec-24,WEB,QRIS ESB,131491000
BTUSUP,01-Dec-24,WEB,QRIS SHOPEE,55000
BTUSUP,01-Dec-24,WEB,SHOPEEPAY,439388813
BTUSUP,01-Dec-24,WEB,VOUCHER,125000
CBIMAY,01-Dec-24,INVOICE,GO RESTO,358767531
CBIMAY,01-Dec-24,INVOICE,GRAB FOOD,290493005.3
CBIMAY,01-Dec-24,INVOICE,QRIS SHOPEE,339822500
CBIMAY,01-Dec-24,INVOICE,SHOPEEPAY,606657758
CBIMAY,01-Dec-24,WEB,CASH,2230969000
CBIMAY,01-Dec-24,WEB,CLOUD VOUCHER,3748000
CBIMAY,01-Dec-24,WEB,EDC,207936500
CBIMAY,01-Dec-24,WEB,GO RESTO,358767529
CBIMAY,01-Dec-24,WEB,GRAB FOOD,290523303
CBIMAY,01-Dec-24,WEB,QRIS SHOPEE,339780000
CBIMAY,01-Dec-24,WEB,SHOPEEPAY,606632560
CBITEG,01-Dec-24,INVOICE,GO RESTO,444230879
CBITEG,01-Dec-24,INVOICE,GRAB FOOD,329968819
CBITEG,01-Dec-24,INVOICE,QRIS SHOPEE,502638000
CBITEG,01-Dec-24,INVOICE,SHOPEEPAY,612084737
CBITEG,01-Dec-24,WEB,CASH,1807811500
CBITEG,01-Dec-24,WEB,CLOUD VOUCHER,6342000
CBITEG,01-Dec-24,WEB,EDC,149825000
CBITEG,01-Dec-24,WEB,GO RESTO,444230878
CBITEG,01-Dec-24,WEB,GRAB FOOD,329719805
CBITEG,01-Dec-24,WEB,QRIS SHOPEE,502677500
CBITEG,01-Dec-24,WEB,SHOPEEPAY,612004031
CJRSUR,01-Dec-24,INVOICE,GO RESTO,124602553
CJRSUR,01-Dec-24,INVOICE,GRAB FOOD,496354858
CJRSUR,01-Dec-24,INVOICE,QRIS SHOPEE,141445530
CJRSUR,01-Dec-24,INVOICE,SHOPEEPAY,194413863
CJRSUR,01-Dec-24,WEB,CASH,1930771000
CJRSUR,01-Dec-24,WEB,CLOUD VOUCHER,613500
CJRSUR,01-Dec-24,WEB,EDC,95682500
CJRSUR,01-Dec-24,WEB,GO RESTO,124688562
CJRSUR,01-Dec-24,WEB,GRAB FOOD,496614371
CJRSUR,01-Dec-24,WEB,QRIS SHOPEE,141451000
CJRSUR,01-Dec-24,WEB,SHOPEEPAY,194527232
CKGINT,01-Dec-24,INVOICE,GO RESTO,491365930
CKGINT,01-Dec-24,INVOICE,GRAB FOOD,372052010.3
CKGINT,01-Dec-24,INVOICE,QRIS ESB,557839000
CKGINT,01-Dec-24,INVOICE,QRIS SHOPEE,174093000
CKGINT,01-Dec-24,INVOICE,SHOPEEPAY,608677109
CKGINT,01-Dec-24,WEB,CASH,1193224000
CKGINT,01-Dec-24,WEB,EDC,77986500
CKGINT,01-Dec-24,WEB,GO RESTO,458787530
CKGINT,01-Dec-24,WEB,GRAB FOOD,372604716
CKGINT,01-Dec-24,WEB,QRIS ESB,558214000
CKGINT,01-Dec-24,WEB,QRIS SHOPEE,174114500
CKGINT,01-Dec-24,WEB,SHOPEEPAY,537500562
CKGINT,01-Dec-24,WEB,VOUCHER,3641000
CKGPAH,01-Dec-24,INVOICE,GO RESTO,446813237
CKGPAH,01-Dec-24,INVOICE,GRAB FOOD,310171041.5
CKGPAH,01-Dec-24,INVOICE,QRIS SHOPEE,404080580
CKGPAH,01-Dec-24,INVOICE,SHOPEEPAY,529692158
CKGPAH,01-Dec-24,WEB,CASH,1009169000
CKGPAH,01-Dec-24,WEB,CLOUD VOUCHER,4956000
CKGPAH,01-Dec-24,WEB,EDC,88603500
CKGPAH,01-Dec-24,WEB,GO RESTO,446842221
CKGPAH,01-Dec-24,WEB,GRAB FOOD,310035533
CKGPAH,01-Dec-24,WEB,QRIS SHOPEE,404298000
CKGPAH,01-Dec-24,WEB,SHOPEEPAY,529693703
CKRTHA,01-Dec-24,INVOICE,GO RESTO,546818259
CKRTHA,01-Dec-24,INVOICE,GRAB FOOD,543314301.2
CKRTHA,01-Dec-24,INVOICE,QRIS SHOPEE,425716500
CKRTHA,01-Dec-24,INVOICE,SHOPEEPAY,1219577729
CKRTHA,01-Dec-24,WEB,CASH,2277024000
CKRTHA,01-Dec-24,WEB,CLOUD VOUCHER,8385000
CKRTHA,01-Dec-24,WEB,EDC,199677000
CKRTHA,01-Dec-24,WEB,GO RESTO,547939674
CKRTHA,01-Dec-24,WEB,GRAB FOOD,543167996
CKRTHA,01-Dec-24,WEB,QRIS SHOPEE,425715500
CKRTHA,01-Dec-24,WEB,SHOPEEPAY,1220601898
CMHAMI,01-Dec-24,INVOICE,GO RESTO,249424347
CMHAMI,01-Dec-24,INVOICE,GRAB FOOD,132504959
CMHAMI,01-Dec-24,INVOICE,QRIS SHOPEE,184546500
CMHAMI,01-Dec-24,INVOICE,SHOPEEPAY,540870084
CMHAMI,01-Dec-24,WEB,CASH,1171300500
CMHAMI,01-Dec-24,WEB,CLOUD VOUCHER,3932500
CMHAMI,01-Dec-24,WEB,EDC,76825000
CMHAMI,01-Dec-24,WEB,GO RESTO,249497347
CMHAMI,01-Dec-24,WEB,GRAB FOOD,132744467
CMHAMI,01-Dec-24,WEB,QRIS SHOPEE,184546000
CMHAMI,01-Dec-24,WEB,SHOPEEPAY,540234284
CMHBAR,01-Dec-24,INVOICE,GO RESTO,305754194
CMHBAR,01-Dec-24,INVOICE,GRAB FOOD,140884951
CMHBAR,01-Dec-24,INVOICE,QRIS SHOPEE,225907100
CMHBAR,01-Dec-24,INVOICE,SHOPEEPAY,635788874
CMHBAR,01-Dec-24,WEB,CASH,1179803500
CMHBAR,01-Dec-24,WEB,CLOUD VOUCHER,8095500
CMHBAR,01-Dec-24,WEB,EDC,70796500
CMHBAR,01-Dec-24,WEB,GO RESTO,305990686
CMHBAR,01-Dec-24,WEB,GRAB FOOD,140833447
CMHBAR,01-Dec-24,WEB,QRIS SHOPEE,225897500
CMHBAR,01-Dec-24,WEB,RESERVASI,23000
CMHBAR,01-Dec-24,WEB,SHOPEEPAY,636546365
CPTALA,01-Dec-24,INVOICE,GO RESTO,492855320
CPTALA,01-Dec-24,INVOICE,GRAB FOOD,385207574.4
CPTALA,01-Dec-24,INVOICE,QRIS ESB,531584000
CPTALA,01-Dec-24,INVOICE,QRIS SHOPEE,288542500
CPTALA,01-Dec-24,INVOICE,SHOPEEPAY,650291182
CPTALA,01-Dec-24,WEB,CASH,993930500
CPTALA,01-Dec-24,WEB,EDC,162277000
CPTALA,01-Dec-24,WEB,GO RESTO,456516220
CPTALA,01-Dec-24,WEB,GRAB FOOD,385921356
CPTALA,01-Dec-24,WEB,QRIS ESB,531779500
CPTALA,01-Dec-24,WEB,QRIS SHOPEE,288542000
CPTALA,01-Dec-24,WEB,SHOPEEPAY,573051608
CPTALA,01-Dec-24,WEB,VOUCHER,5173500
DPKJAS,01-Dec-24,INVOICE,GO RESTO,680964072
DPKJAS,01-Dec-24,INVOICE,GRAB FOOD,451737185.3
DPKJAS,01-Dec-24,INVOICE,QRIS SHOPEE,637928000
DPKJAS,01-Dec-24,INVOICE,SHOPEEPAY,786779565
DPKJAS,01-Dec-24,WEB,CASH,1416613000
DPKJAS,01-Dec-24,WEB,CLOUD VOUCHER,3229000
DPKJAS,01-Dec-24,WEB,EDC,167917500
DPKJAS,01-Dec-24,WEB,GO RESTO,680919793
DPKJAS,01-Dec-24,WEB,GRAB FOOD,455212450
DPKJAS,01-Dec-24,WEB,QRIS SHOPEE,639776500
DPKJAS,01-Dec-24,WEB,SHOPEEPAY,790599000
DPKMAR,01-Dec-24,INVOICE,GO RESTO,733399138
DPKMAR,01-Dec-24,INVOICE,GRAB FOOD,444565211.6
DPKMAR,01-Dec-24,INVOICE,QRIS SHOPEE,577402431
DPKMAR,01-Dec-24,INVOICE,SHOPEEPAY,738443261
DPKMAR,01-Dec-24,WEB,CASH,1187112500
DPKMAR,01-Dec-24,WEB,CLOUD VOUCHER,4924000
DPKMAR,01-Dec-24,WEB,EDC,98799500
DPKMAR,01-Dec-24,WEB,GO RESTO,733345110
DPKMAR,01-Dec-24,WEB,GRAB FOOD,444764870
DPKMAR,01-Dec-24,WEB,QRIS SHOPEE,576937000
DPKMAR,01-Dec-24,WEB,SHOPEEPAY,737500538
DPKSAW,01-Dec-24,INVOICE,GO RESTO,563445990
DPKSAW,01-Dec-24,INVOICE,GRAB FOOD,294583420.2
DPKSAW,01-Dec-24,INVOICE,QRIS SHOPEE,400689605
DPKSAW,01-Dec-24,INVOICE,SHOPEEPAY,564979072
DPKSAW,01-Dec-24,WEB,CASH,1143905500
DPKSAW,01-Dec-24,WEB,CLOUD VOUCHER,6991000
DPKSAW,01-Dec-24,WEB,EDC,122972500
DPKSAW,01-Dec-24,WEB,GO RESTO,563445986
DPKSAW,01-Dec-24,WEB,GRAB FOOD,294937538
DPKSAW,01-Dec-24,WEB,QRIS SHOPEE,400681000
DPKSAW,01-Dec-24,WEB,SHOPEEPAY,565079372
GGPDAA,01-Dec-24,INVOICE,GO RESTO,540817849
GGPDAA,01-Dec-24,INVOICE,GRAB FOOD,458599835.9
GGPDAA,01-Dec-24,INVOICE,QRIS SHOPEE,350094000
GGPDAA,01-Dec-24,INVOICE,SHOPEEPAY,762458082
GGPDAA,01-Dec-24,WEB,CASH,1664740500
GGPDAA,01-Dec-24,WEB,CLOUD VOUCHER,3668000
GGPDAA,01-Dec-24,WEB,EDC,139576500
GGPDAA,01-Dec-24,WEB,GO RESTO,540880847
GGPDAA,01-Dec-24,WEB,GRAB FOOD,459660071
GGPDAA,01-Dec-24,WEB,QRIS SHOPEE,350136000
GGPDAA,01-Dec-24,WEB,SHOPEEPAY,764298951
KDRURI,01-Dec-24,INVOICE,GO RESTO,213421541
KDRURI,01-Dec-24,INVOICE,GRAB FOOD,178229013
KDRURI,01-Dec-24,INVOICE,QRIS SHOPEE,170414000
KDRURI,01-Dec-24,INVOICE,SHOPEEPAY,281832093
KDRURI,01-Dec-24,WEB,CASH,1146903500
KDRURI,01-Dec-24,WEB,CLOUD VOUCHER,2273500
KDRURI,01-Dec-24,WEB,EDC,23100500
KDRURI,01-Dec-24,WEB,GO RESTO,213421541
KDRURI,01-Dec-24,WEB,GRAB FOOD,178459988
KDRURI,01-Dec-24,WEB,QRIS SHOPEE,170414000
KDRURI,01-Dec-24,WEB,SHOPEEPAY,281870353
KLNKUS,01-Dec-24,INVOICE,GO RESTO,135661690
KLNKUS,01-Dec-24,INVOICE,GRAB FOOD,136005842
KLNKUS,01-Dec-24,INVOICE,QRIS SHOPEE,179913645
KLNKUS,01-Dec-24,INVOICE,SHOPEEPAY,403929076
KLNKUS,01-Dec-24,WEB,CASH,1041866000
KLNKUS,01-Dec-24,WEB,CLOUD VOUCHER,2356000
KLNKUS,01-Dec-24,WEB,EDC,21865000
KLNKUS,01-Dec-24,WEB,GO RESTO,135747192
KLNKUS,01-Dec-24,WEB,GRAB FOOD,136018168
KLNKUS,01-Dec-24,WEB,QRIS SHOPEE,179908500
KLNKUS,01-Dec-24,WEB,SHOPEEPAY,404019835
KWGGAL,01-Dec-24,INVOICE,GO RESTO,374618366
KWGGAL,01-Dec-24,INVOICE,GRAB FOOD,561610211
KWGGAL,01-Dec-24,INVOICE,QRIS SHOPEE,313807500
KWGGAL,01-Dec-24,INVOICE,SHOPEEPAY,611837727
KWGGAL,01-Dec-24,WEB,CASH,1841022500
KWGGAL,01-Dec-24,WEB,CLOUD VOUCHER,8948500
KWGGAL,01-Dec-24,WEB,EDC,91847000
KWGGAL,01-Dec-24,WEB,GO RESTO,374783877
KWGGAL,01-Dec-24,WEB,GRAB FOOD,560809161
KWGGAL,01-Dec-24,WEB,QRIS SHOPEE,313796000
KWGGAL,01-Dec-24,WEB,SHOPEEPAY,611667613
KYBKEM,01-Dec-24,INVOICE,GO RESTO,655489664
KYBKEM,01-Dec-24,INVOICE,GRAB FOOD,515974852
KYBKEM,01-Dec-24,INVOICE,QRIS ESB,438102500
KYBKEM,01-Dec-24,INVOICE,QRIS SHOPEE,94118000
KYBKEM,01-Dec-24,INVOICE,SHOPEEPAY,769651571
KYBKEM,01-Dec-24,WEB,CASH,615342500
KYBKEM,01-Dec-24,WEB,EDC,60204000
KYBKEM,01-Dec-24,WEB,GO RESTO,608046264
KYBKEM,01-Dec-24,WEB,GRAB FOOD,516497808
KYBKEM,01-Dec-24,WEB,QRIS ESB,438666000
KYBKEM,01-Dec-24,WEB,QRIS SHOPEE,94074000
KYBKEM,01-Dec-24,WEB,SHOPEEPAY,677321936
KYBKEM,01-Dec-24,WEB,VOUCHER,7320000
KYBTEB,01-Dec-24,INVOICE,GO RESTO,1034624574
KYBTEB,01-Dec-24,INVOICE,GRAB FOOD,725101653.2
KYBTEB,01-Dec-24,INVOICE,QRIS SHOPEE,391305000
KYBTEB,01-Dec-24,INVOICE,SHOPEEPAY,935350683
KYBTEB,01-Dec-24,WEB,CASH,760931000
KYBTEB,01-Dec-24,WEB,CLOUD VOUCHER,12916000
KYBTEB,01-Dec-24,WEB,EDC,77790000
KYBTEB,01-Dec-24,WEB,GO RESTO,1037651057
KYBTEB,01-Dec-24,WEB,GRAB FOOD,727430543
KYBTEB,01-Dec-24,WEB,QRIS SHOPEE,391292500
KYBTEB,01-Dec-24,WEB,RESERVASI,1375000
KYBTEB,01-Dec-24,WEB,SHOPEEPAY,938498213
MJLABD,01-Dec-24,INVOICE,GO RESTO,76423081
MJLABD,01-Dec-24,INVOICE,GRAB FOOD,167484173
MJLABD,01-Dec-24,INVOICE,QRIS ESB,213384000
MJLABD,01-Dec-24,INVOICE,QRIS SHOPEE,90371500
MJLABD,01-Dec-24,INVOICE,SHOPEEPAY,48729058
MJLABD,01-Dec-24,WEB,CASH,1030996500
MJLABD,01-Dec-24,WEB,EDC,15738500
MJLABD,01-Dec-24,WEB,GO RESTO,71212381
MJLABD,01-Dec-24,WEB,GRAB FOOD,168006151
MJLABD,01-Dec-24,WEB,QRIS ESB,213326000
MJLABD,01-Dec-24,WEB,QRIS SHOPEE,90295000
MJLABD,01-Dec-24,WEB,SHOPEEPAY,43481195
MJLABD,01-Dec-24,WEB,VOUCHER,15225000
MKSPET,01-Dec-24,INVOICE,GO RESTO,298439544
MKSPET,01-Dec-24,INVOICE,GRAB FOOD,644503232
MKSPET,01-Dec-24,INVOICE,QRIS ESB,462190000
MKSPET,01-Dec-24,INVOICE,QRIS SHOPEE,286452500
MKSPET,01-Dec-24,INVOICE,SHOPEEPAY,416858788
MKSPET,01-Dec-24,WEB,CASH,1120225500
MKSPET,01-Dec-24,WEB,EDC,43787000
MKSPET,01-Dec-24,WEB,GO RESTO,281352847
MKSPET,01-Dec-24,WEB,GRAB FOOD,645129765
MKSPET,01-Dec-24,WEB,QRIS ESB,461813500
MKSPET,01-Dec-24,WEB,QRIS SHOPEE,286427000
MKSPET,01-Dec-24,WEB,SHOPEEPAY,371768758
MKSRAT,01-Dec-24,INVOICE,GO RESTO,274311792
MKSRAT,01-Dec-24,INVOICE,GRAB FOOD,407959327
MKSRAT,01-Dec-24,INVOICE,QRIS ESB,238078500
MKSRAT,01-Dec-24,INVOICE,QRIS SHOPEE,61496500
MKSRAT,01-Dec-24,INVOICE,SHOPEEPAY,218386476
MKSRAT,01-Dec-24,WEB,CASH,706475500
MKSRAT,01-Dec-24,WEB,EDC,34882000
MKSRAT,01-Dec-24,WEB,EDC CIMB,104000
MKSRAT,01-Dec-24,WEB,GO RESTO,257458492
MKSRAT,01-Dec-24,WEB,GRAB FOOD,408622501
MKSRAT,01-Dec-24,WEB,QRIS ESB,238394500
MKSRAT,01-Dec-24,WEB,QRIS SHOPEE,61506500
MKSRAT,01-Dec-24,WEB,SHOPEEPAY,194508830
MKSTUN,01-Dec-24,INVOICE,GO RESTO,310947280
MKSTUN,01-Dec-24,INVOICE,GRAB FOOD,480623519
MKSTUN,01-Dec-24,INVOICE,QRIS ESB,254526000
MKSTUN,01-Dec-24,INVOICE,QRIS SHOPEE,188438500
MKSTUN,01-Dec-24,INVOICE,SHOPEEPAY,304912555
MKSTUN,01-Dec-24,WEB,CASH,867993500
MKSTUN,01-Dec-24,WEB,EDC,36854000
MKSTUN,01-Dec-24,WEB,GO RESTO,292979680
MKSTUN,01-Dec-24,WEB,GRAB FOOD,480623067
MKSTUN,01-Dec-24,WEB,QRIS ESB,254482000
MKSTUN,01-Dec-24,WEB,QRIS SHOPEE,188438000
MKSTUN,01-Dec-24,WEB,SHOPEEPAY,271604384
MLGSUP,01-Dec-24,INVOICE,GO RESTO,262934258
MLGSUP,01-Dec-24,INVOICE,GRAB FOOD,443304276
MLGSUP,01-Dec-24,INVOICE,QRIS SHOPEE,232710000
MLGSUP,01-Dec-24,INVOICE,SHOPEEPAY,787496281
MLGSUP,01-Dec-24,WEB,CASH,1277380000
MLGSUP,01-Dec-24,WEB,EDC,46257500
MLGSUP,01-Dec-24,WEB,GO RESTO,244954853
MLGSUP,01-Dec-24,WEB,GRAB FOOD,443270256
MLGSUP,01-Dec-24,WEB,QRIS SHOPEE,232493500
MLGSUP,01-Dec-24,WEB,SHOPEEPAY,685207823
MLGSUP,01-Dec-24,WEB,VOUCHER,1600000
PWTSOE,01-Dec-24,INVOICE,GO RESTO,382887812
PWTSOE,01-Dec-24,INVOICE,GRAB FOOD,590908192
PWTSOE,01-Dec-24,INVOICE,QRIS SHOPEE,450905500
PWTSOE,01-Dec-24,INVOICE,SHOPEEPAY,954070499
PWTSOE,01-Dec-24,WEB,CASH,1662976500
PWTSOE,01-Dec-24,WEB,CLOUD VOUCHER,134500
PWTSOE,01-Dec-24,WEB,EDC,41684000
PWTSOE,01-Dec-24,WEB,GO RESTO,382947827
PWTSOE,01-Dec-24,WEB,GRAB FOOD,591267204
PWTSOE,01-Dec-24,WEB,QRIS SHOPEE,451102500
PWTSOE,01-Dec-24,WEB,RESERVASI,62000
PWTSOE,01-Dec-24,WEB,SHOPEEPAY,954338746
SBRTUP,01-Dec-24,INVOICE,GO RESTO,204746180
SBRTUP,01-Dec-24,INVOICE,GRAB FOOD,399123212
SBRTUP,01-Dec-24,INVOICE,QRIS SHOPEE,174202500
SBRTUP,01-Dec-24,INVOICE,SHOPEEPAY,232617105
SBRTUP,01-Dec-24,WEB,CASH,1544397000
SBRTUP,01-Dec-24,WEB,CLOUD VOUCHER,6126000
SBRTUP,01-Dec-24,WEB,EDC,50332000
SBRTUP,01-Dec-24,WEB,GO RESTO,204789169
SBRTUP,01-Dec-24,WEB,GRAB FOOD,399445214
SBRTUP,01-Dec-24,WEB,QRIS SHOPEE,174202500
SBRTUP,01-Dec-24,WEB,SHOPEEPAY,232659500
SBYAMB,01-Dec-24,INVOICE,GO RESTO,479744353
SBYAMB,01-Dec-24,INVOICE,GRAB FOOD,388121226.2
SBYAMB,01-Dec-24,INVOICE,QRIS SHOPEE,305768500
SBYAMB,01-Dec-24,INVOICE,SHOPEEPAY,899190881
SBYAMB,01-Dec-24,WEB,CASH,1059723500
SBYAMB,01-Dec-24,WEB,CLOUD VOUCHER,2410500
SBYAMB,01-Dec-24,WEB,EDC,44496500
SBYAMB,01-Dec-24,WEB,GO RESTO,479826955
SBYAMB,01-Dec-24,WEB,GRAB FOOD,388130024
SBYAMB,01-Dec-24,WEB,QRIS SHOPEE,305665500
SBYAMB,01-Dec-24,WEB,RESERVASI,79000
SBYAMB,01-Dec-24,WEB,SHOPEEPAY,900237766
SBYSOE,01-Dec-24,INVOICE,GO RESTO,283652961
SBYSOE,01-Dec-24,INVOICE,GRAB FOOD,306728869
SBYSOE,01-Dec-24,INVOICE,QRIS SHOPEE,56355500
SBYSOE,01-Dec-24,INVOICE,SHOPEEPAY,467852735
SBYSOE,01-Dec-24,WEB,CASH,517609000
SBYSOE,01-Dec-24,WEB,CLOUD VOUCHER,958000
SBYSOE,01-Dec-24,WEB,COMPLIMENT,0
SBYSOE,01-Dec-24,WEB,EDC,125094500
SBYSOE,01-Dec-24,WEB,GO RESTO,283709944
SBYSOE,01-Dec-24,WEB,GRAB FOOD,306909969
SBYSOE,01-Dec-24,WEB,QRIS SHOPEE,56312500
SBYSOE,01-Dec-24,WEB,SHOPEEPAY,468293500
SDATAM,01-Dec-24,INVOICE,GO RESTO,222140079
SDATAM,01-Dec-24,INVOICE,GRAB FOOD,131359681
SDATAM,01-Dec-24,INVOICE,QRIS SHOPEE,227302503
SDATAM,01-Dec-24,INVOICE,SHOPEEPAY,386196809
SDATAM,01-Dec-24,WEB,CASH,847111500
SDATAM,01-Dec-24,WEB,CLOUD VOUCHER,579500
SDATAM,01-Dec-24,WEB,EDC,51567000
SDATAM,01-Dec-24,WEB,GO RESTO,222224105
SDATAM,01-Dec-24,WEB,GRAB FOOD,131433186
SDATAM,01-Dec-24,WEB,QRIS SHOPEE,227353000
SDATAM,01-Dec-24,WEB,SHOPEEPAY,386322561
SKTADI,01-Dec-24,INVOICE,GO RESTO,321849529
SKTADI,01-Dec-24,INVOICE,GRAB FOOD,225512238
SKTADI,01-Dec-24,INVOICE,QRIS SHOPEE,284523801
SKTADI,01-Dec-24,INVOICE,SHOPEEPAY,665251532
SKTADI,01-Dec-24,WEB,CASH,1188023500
SKTADI,01-Dec-24,WEB,CLOUD VOUCHER,297000
SKTADI,01-Dec-24,WEB,EDC,25662000
SKTADI,01-Dec-24,WEB,GO RESTO,322004748
SKTADI,01-Dec-24,WEB,GRAB FOOD,225152216
SKTADI,01-Dec-24,WEB,QRIS SHOPEE,284768500
SKTADI,01-Dec-24,WEB,SHOPEEPAY,665474806
SMGSUD,01-Dec-24,INVOICE,GO RESTO,314234439
SMGSUD,01-Dec-24,INVOICE,GRAB FOOD,265257447
SMGSUD,01-Dec-24,INVOICE,QRIS SHOPEE,374817802
SMGSUD,01-Dec-24,INVOICE,SHOPEEPAY,1075925708
SMGSUD,01-Dec-24,WEB,CASH,1371359000
SMGSUD,01-Dec-24,WEB,CLOUD VOUCHER,48000
SMGSUD,01-Dec-24,WEB,EDC,47730000
SMGSUD,01-Dec-24,WEB,GO RESTO,314421638
SMGSUD,01-Dec-24,WEB,GRAB FOOD,265237550
SMGSUD,01-Dec-24,WEB,QRIS SHOPEE,374799500
SMGSUD,01-Dec-24,WEB,SHOPEEPAY,1077367755
SMNMAG,01-Dec-24,INVOICE,GO RESTO,222246948
SMNMAG,01-Dec-24,INVOICE,GRAB FOOD,160846963
SMNMAG,01-Dec-24,INVOICE,QRIS SHOPEE,269443999
SMNMAG,01-Dec-24,INVOICE,SHOPEEPAY,556300873
SMNMAG,01-Dec-24,WEB,CASH,607375500
SMNMAG,01-Dec-24,WEB,EDC,23736000
SMNMAG,01-Dec-24,WEB,GO RESTO,222246951
SMNMAG,01-Dec-24,WEB,GRAB FOOD,160954440
SMNMAG,01-Dec-24,WEB,QRIS SHOPEE,269443000
SMNMAG,01-Dec-24,WEB,RESERVASI,3700000
SMNMAG,01-Dec-24,WEB,SHOPEEPAY,556846000
SMRYAM,01-Dec-24,INVOICE,GO RESTO,752023832
SMRYAM,01-Dec-24,INVOICE,GRAB FOOD,870724234.5
SMRYAM,01-Dec-24,INVOICE,QRIS ESB,691196500
SMRYAM,01-Dec-24,INVOICE,QRIS SHOPEE,193056000
SMRYAM,01-Dec-24,INVOICE,SHOPEEPAY,72335678
SMRYAM,01-Dec-24,WEB,CASH,1285144000
SMRYAM,01-Dec-24,WEB,EDC,49167000
SMRYAM,01-Dec-24,WEB,GO RESTO,704585630
SMRYAM,01-Dec-24,WEB,GRAB FOOD,871491439
SMRYAM,01-Dec-24,WEB,QRIS ESB,691145500
SMRYAM,01-Dec-24,WEB,QRIS SHOPEE,193207500
SMRYAM,01-Dec-24,WEB,RESERVASI,55500
SMRYAM,01-Dec-24,WEB,SHOPEEPAY,63538851
SORBOJ,01-Dec-24,INVOICE,GO RESTO,355913009
SORBOJ,01-Dec-24,INVOICE,GRAB FOOD,164693029.3
SORBOJ,01-Dec-24,INVOICE,QRIS ESB,394486500
SORBOJ,01-Dec-24,INVOICE,QRIS SHOPEE,159919000
SORBOJ,01-Dec-24,INVOICE,SHOPEEPAY,678646398
SORBOJ,01-Dec-24,WEB,CASH,910417500
SORBOJ,01-Dec-24,WEB,EDC,56130000
SORBOJ,01-Dec-24,WEB,GO RESTO,335933308
SORBOJ,01-Dec-24,WEB,GRAB FOOD,165687826
SORBOJ,01-Dec-24,WEB,QRIS ESB,394486500
SORBOJ,01-Dec-24,WEB,QRIS SHOPEE,160289500
SORBOJ,01-Dec-24,WEB,SHOPEEPAY,598392254
SORBOJ,01-Dec-24,WEB,VOUCHER,79443500
SORTAM,01-Dec-24,INVOICE,GO RESTO,115152611
SORTAM,01-Dec-24,INVOICE,GRAB FOOD,75671361
SORTAM,01-Dec-24,INVOICE,QRIS SHOPEE,127599500
SORTAM,01-Dec-24,INVOICE,SHOPEEPAY,358226699
SORTAM,01-Dec-24,WEB,CASH,1165410500
SORTAM,01-Dec-24,WEB,CLOUD VOUCHER,3741500
SORTAM,01-Dec-24,WEB,EDC,69761500
SORTAM,01-Dec-24,WEB,GO RESTO,115168608
SORTAM,01-Dec-24,WEB,GRAB FOOD,75671361
SORTAM,01-Dec-24,WEB,QRIS SHOPEE,127538500
SORTAM,01-Dec-24,WEB,SHOPEEPAY,358120289
TJPDAN,01-Dec-24,INVOICE,GO RESTO,473036790
TJPDAN,01-Dec-24,INVOICE,GRAB FOOD,314004817.2
TJPDAN,01-Dec-24,INVOICE,QRIS SHOPEE,267601500
TJPDAN,01-Dec-24,INVOICE,SHOPEEPAY,676093330
TJPDAN,01-Dec-24,WEB,CASH,1496283000
TJPDAN,01-Dec-24,WEB,CLOUD VOUCHER,10687500
TJPDAN,01-Dec-24,WEB,EDC,183393000
TJPDAN,01-Dec-24,WEB,GO RESTO,473036771
TJPDAN,01-Dec-24,WEB,GRAB FOOD,314916620
TJPDAN,01-Dec-24,WEB,QRIS SHOPEE,267578000
TJPDAN,01-Dec-24,WEB,SHOPEEPAY,676931126
TNGMER,01-Dec-24,INVOICE,GO RESTO,451125276
TNGMER,01-Dec-24,INVOICE,GRAB FOOD,397427533
TNGMER,01-Dec-24,INVOICE,QRIS ESB,476919500
TNGMER,01-Dec-24,INVOICE,QRIS SHOPEE,130493500
TNGMER,01-Dec-24,INVOICE,SHOPEEPAY,713326192
TNGMER,01-Dec-24,WEB,CASH,1400871500
TNGMER,01-Dec-24,WEB,EDC,111045500
TNGMER,01-Dec-24,WEB,GO RESTO,415460570
TNGMER,01-Dec-24,WEB,GRAB FOOD,397841225
TNGMER,01-Dec-24,WEB,QRIS ESB,477969000
TNGMER,01-Dec-24,WEB,QRIS SHOPEE,130979000
TNGMER,01-Dec-24,WEB,SHOPEEPAY,630828846
TNGMER,01-Dec-24,WEB,VOUCHER,93681500
YYKSON,01-Dec-24,INVOICE,GO RESTO,224477790
YYKSON,01-Dec-24,INVOICE,GRAB FOOD,164609977
YYKSON,01-Dec-24,INVOICE,QRIS SHOPEE,340749700
YYKSON,01-Dec-24,INVOICE,SHOPEEPAY,610963611
YYKSON,01-Dec-24,WEB,CASH,813582500
YYKSON,01-Dec-24,WEB,EDC,18800500
YYKSON,01-Dec-24,WEB,GO RESTO,224520322
YYKSON,01-Dec-24,WEB,GRAB FOOD,164877003
YYKSON,01-Dec-24,WEB,QRIS SHOPEE,340810000
YYKSON,01-Dec-24,WEB,SHOPEEPAY,612058811
YYKTAM,01-Dec-24,INVOICE,GO RESTO,474416028
YYKTAM,01-Dec-24,INVOICE,GRAB FOOD,355922989
YYKTAM,01-Dec-24,INVOICE,QRIS SHOPEE,420355500
YYKTAM,01-Dec-24,INVOICE,SHOPEEPAY,1244147157
YYKTAM,01-Dec-24,WEB,CASH,826348500
YYKTAM,01-Dec-24,WEB,EDC,21883500
YYKTAM,01-Dec-24,WEB,GO RESTO,474708070
YYKTAM,01-Dec-24,WEB,GRAB FOOD,356179288
YYKTAM,01-Dec-24,WEB,QRIS SHOPEE,420531500
YYKTAM,01-Dec-24,WEB,SHOPEEPAY,1244381482
BDGBUA,01-Jan-25,INVOICE,GO RESTO,260963175
BDGBUA,01-Jan-25,INVOICE,GRAB FOOD,186970337
BDGBUA,01-Jan-25,INVOICE,QRIS SHOPEE,7984002
BDGBUA,01-Jan-25,INVOICE,SHOPEEPAY,660675903
BDGBUA,01-Jan-25,WEB,CASH,803691500
BDGBUA,01-Jan-25,WEB,CLOUD VOUCHER,150000
BDGBUA,01-Jan-25,WEB,EDC,319417000
BDGBUA,01-Jan-25,WEB,GO RESTO,261189686
BDGBUA,01-Jan-25,WEB,GRAB FOOD,186993946
BDGBUA,01-Jan-25,WEB,QRIS SHOPEE,7644500
BDGBUA,01-Jan-25,WEB,SHOPEEPAY,661810501
BDGSUM,01-Jan-25,INVOICE,GO RESTO,99366589
BDGSUM,01-Jan-25,INVOICE,GRAB FOOD,116566168
BDGSUM,01-Jan-25,INVOICE,QRIS SHOPEE,54888800
BDGSUM,01-Jan-25,INVOICE,SHOPEEPAY,238607284
BDGSUM,01-Jan-25,WEB,CASH,425859500
BDGSUM,01-Jan-25,WEB,CLOUD VOUCHER,1075000
BDGSUM,01-Jan-25,WEB,EDC,102901500
BDGSUM,01-Jan-25,WEB,GO RESTO,99366581
BDGSUM,01-Jan-25,WEB,GRAB FOOD,116796899
BDGSUM,01-Jan-25,WEB,QRIS SHOPEE,54880500
BDGSUM,01-Jan-25,WEB,SHOPEEPAY,238910734
BDGTER,01-Jan-25,INVOICE,GO RESTO,128217081
BDGTER,01-Jan-25,INVOICE,GRAB FOOD,83675406
BDGTER,01-Jan-25,INVOICE,QRIS ESB,15258500
BDGTER,01-Jan-25,INVOICE,QRIS SHOPEE,81601500
BDGTER,01-Jan-25,INVOICE,SHOPEEPAY,296718536
BDGTER,01-Jan-25,WEB,CASH,396936500
BDGTER,01-Jan-25,WEB,EDC,30672000
BDGTER,01-Jan-25,WEB,GO RESTO,122529253
BDGTER,01-Jan-25,WEB,GRAB FOOD,83842996
BDGTER,01-Jan-25,WEB,QRIS ESB,15258500
BDGTER,01-Jan-25,WEB,QRIS SHOPEE,81601500
BDGTER,01-Jan-25,WEB,SHOPEEPAY,275296886
BGRBAT,01-Jan-25,INVOICE,GO RESTO,156911624
BGRBAT,01-Jan-25,INVOICE,GRAB FOOD,194390032.3
BGRBAT,01-Jan-25,INVOICE,QRIS ESB,63688000
BGRBAT,01-Jan-25,INVOICE,QRIS SHOPEE,64229500
BGRBAT,01-Jan-25,INVOICE,SHOPEEPAY,205360930
BGRBAT,01-Jan-25,WEB,CASH,662921000
BGRBAT,01-Jan-25,WEB,EDC,74799500
BGRBAT,01-Jan-25,WEB,GO RESTO,149334087
BGRBAT,01-Jan-25,WEB,GRAB FOOD,194421138
BGRBAT,01-Jan-25,WEB,QRIS ESB,63688000
BGRBAT,01-Jan-25,WEB,QRIS SHOPEE,64229500
BGRBAT,01-Jan-25,WEB,SHOPEEPAY,191940042
BGRSHO,01-Jan-25,INVOICE,GO RESTO,215977687
BGRSHO,01-Jan-25,INVOICE,GRAB FOOD,212514799.2
BGRSHO,01-Jan-25,INVOICE,QRIS SHOPEE,285195002
BGRSHO,01-Jan-25,INVOICE,SHOPEEPAY,323991129
BGRSHO,01-Jan-25,WEB,CASH,940188000
BGRSHO,01-Jan-25,WEB,EDC,104131000
BGRSHO,01-Jan-25,WEB,GO RESTO,215977685
BGRSHO,01-Jan-25,WEB,GRAB FOOD,212485577
BGRSHO,01-Jan-25,WEB,QRIS SHOPEE,285191000
BGRSHO,01-Jan-25,WEB,SHOPEEPAY,324447621
BKSBAN,01-Jan-25,INVOICE,GO RESTO,395991928
BKSBAN,01-Jan-25,INVOICE,GRAB FOOD,345631656.6
BKSBAN,01-Jan-25,INVOICE,QRIS SHOPEE,251869000
BKSBAN,01-Jan-25,INVOICE,SHOPEEPAY,827118128
BKSBAN,01-Jan-25,WEB,CASH,1800370500
BKSBAN,01-Jan-25,WEB,EDC,137351000
BKSBAN,01-Jan-25,WEB,GO RESTO,396065923
BKSBAN,01-Jan-25,WEB,GRAB FOOD,346522870
BKSBAN,01-Jan-25,WEB,QRIS SHOPEE,251621000
BKSBAN,01-Jan-25,WEB,RESERVASI,27500
BKSBAN,01-Jan-25,WEB,SHOPEEPAY,829211947
BKSJUA,01-Jan-25,INVOICE,GO RESTO,585707454
BKSJUA,01-Jan-25,INVOICE,GRAB FOOD,461227715.2
BKSJUA,01-Jan-25,INVOICE,QRIS SHOPEE,541539900
BKSJUA,01-Jan-25,INVOICE,SHOPEEPAY,923207697
BKSJUA,01-Jan-25,WEB,CASH,1903040000
BKSJUA,01-Jan-25,WEB,EDC,192471000
BKSJUA,01-Jan-25,WEB,GO RESTO,587075042
BKSJUA,01-Jan-25,WEB,GRAB FOOD,462849512
BKSJUA,01-Jan-25,WEB,QRIS SHOPEE,541380000
BKSJUA,01-Jan-25,WEB,SHOPEEPAY,926944846
BKSWIB,01-Jan-25,INVOICE,GO RESTO,427892813
BKSWIB,01-Jan-25,INVOICE,GRAB FOOD,277198070.2
BKSWIB,01-Jan-25,INVOICE,QRIS SHOPEE,235345000
BKSWIB,01-Jan-25,INVOICE,SHOPEEPAY,590370370
BKSWIB,01-Jan-25,WEB,CASH,987753000
BKSWIB,01-Jan-25,WEB,EDC,149626000
BKSWIB,01-Jan-25,WEB,GO RESTO,427892811
BKSWIB,01-Jan-25,WEB,GRAB FOOD,277875991
BKSWIB,01-Jan-25,WEB,QRIS SHOPEE,235343500
BKSWIB,01-Jan-25,WEB,SHOPEEPAY,591803975
BONIMA,01-Jan-25,INVOICE,GO RESTO,54009066
BONIMA,01-Jan-25,INVOICE,GRAB FOOD,692247878.3
BONIMA,01-Jan-25,INVOICE,QRIS ESB,672028000
BONIMA,01-Jan-25,WEB,CASH,828767000
BONIMA,01-Jan-25,WEB,EDC,24318000
BONIMA,01-Jan-25,WEB,GO RESTO,51688238
BONIMA,01-Jan-25,WEB,GOFOOD,1301801
BONIMA,01-Jan-25,WEB,GRAB,27142861
BONIMA,01-Jan-25,WEB,GRAB FOOD,695098208
BONIMA,01-Jan-25,WEB,QRIS ESB,672028000
BPPHAR,01-Jan-25,INVOICE,GO RESTO,884715726
BPPHAR,01-Jan-25,INVOICE,GRAB FOOD,672332407.5
BPPHAR,01-Jan-25,INVOICE,QRIS ESB,974394000
BPPHAR,01-Jan-25,INVOICE,QRIS SHOPEE,143110500
BPPHAR,01-Jan-25,INVOICE,SHOPEEPAY,133963419
BPPHAR,01-Jan-25,WEB,CASH,993340000
BPPHAR,01-Jan-25,WEB,EDC,54747500
BPPHAR,01-Jan-25,WEB,GO RESTO,839671128
BPPHAR,01-Jan-25,WEB,GRAB FOOD,676031265
BPPHAR,01-Jan-25,WEB,QRIS ESB,972546000
BPPHAR,01-Jan-25,WEB,QRIS SHOPEE,143170500
BPPHAR,01-Jan-25,WEB,SHOPEEPAY,125221615
BPPMUL,01-Jan-25,INVOICE,GO RESTO,291594847
BPPMUL,01-Jan-25,INVOICE,GRAB FOOD,238893960.2
BPPMUL,01-Jan-25,INVOICE,QRIS ESB,420354500
BPPMUL,01-Jan-25,INVOICE,QRIS SHOPEE,108628001
BPPMUL,01-Jan-25,INVOICE,SHOPEEPAY,65514247
BPPMUL,01-Jan-25,WEB,CASH,929927000
BPPMUL,01-Jan-25,WEB,EDC,80590500
BPPMUL,01-Jan-25,WEB,EDC CIMB,31000
BPPMUL,01-Jan-25,WEB,GO RESTO,279599979
BPPMUL,01-Jan-25,WEB,GRAB FOOD,239527781
BPPMUL,01-Jan-25,WEB,QRIS ESB,419872500
BPPMUL,01-Jan-25,WEB,QRIS SHOPEE,108474500
BPPMUL,01-Jan-25,WEB,SHOPEEPAY,60715898
CKGINT,01-Jan-25,INVOICE,GO RESTO,408814427
CKGINT,01-Jan-25,INVOICE,GRAB FOOD,373843303.9
CKGINT,01-Jan-25,INVOICE,QRIS ESB,591573500
CKGINT,01-Jan-25,INVOICE,QRIS SHOPEE,117173000
CKGINT,01-Jan-25,INVOICE,SHOPEEPAY,645354413
CKGINT,01-Jan-25,WEB,CASH,1026746000
CKGINT,01-Jan-25,WEB,EDC,80278000
CKGINT,01-Jan-25,WEB,GO RESTO,390086379
CKGINT,01-Jan-25,WEB,GRAB FOOD,374792353
CKGINT,01-Jan-25,WEB,QRIS ESB,591653500
CKGINT,01-Jan-25,WEB,QRIS SHOPEE,117173000
CKGINT,01-Jan-25,WEB,SHOPEEPAY,600835920
CKGPAH,01-Jan-25,INVOICE,GO RESTO,340675084
CKGPAH,01-Jan-25,INVOICE,GRAB FOOD,315625704.2
CKGPAH,01-Jan-25,INVOICE,QRIS SHOPEE,379827550
CKGPAH,01-Jan-25,INVOICE,SHOPEEPAY,560262338
CKGPAH,01-Jan-25,WEB,CASH,925300500
CKGPAH,01-Jan-25,WEB,EDC,73022000
CKGPAH,01-Jan-25,WEB,GO RESTO,340966861
CKGPAH,01-Jan-25,WEB,GRAB FOOD,317098139
CKGPAH,01-Jan-25,WEB,QRIS ESB,44000
CKGPAH,01-Jan-25,WEB,QRIS SHOPEE,379896000
CKGPAH,01-Jan-25,WEB,SHOPEEPAY,561570263
CKGPUL,01-Jan-25,INVOICE,GO RESTO,94066095
CKGPUL,01-Jan-25,INVOICE,GRAB FOOD,184978097
CKGPUL,01-Jan-25,INVOICE,QRIS ESB,259992000
CKGPUL,01-Jan-25,INVOICE,QRIS SHOPEE,128701500
CKGPUL,01-Jan-25,INVOICE,SHOPEEPAY,270895592
CKGPUL,01-Jan-25,WEB,CASH,856692000
CKGPUL,01-Jan-25,WEB,EDC,53475000
CKGPUL,01-Jan-25,WEB,GO RESTO,92871250
CKGPUL,01-Jan-25,WEB,GRAB FOOD,185250845
CKGPUL,01-Jan-25,WEB,QRIS ESB,260338500
CKGPUL,01-Jan-25,WEB,QRIS SHOPEE,128570000
CKGPUL,01-Jan-25,WEB,RESERVASI,517500
CKGPUL,01-Jan-25,WEB,SHOPEEPAY,251921875
CKRTHA,01-Jan-25,INVOICE,GO RESTO,454197845
CKRTHA,01-Jan-25,INVOICE,GRAB FOOD,602953391.4
CKRTHA,01-Jan-25,INVOICE,QRIS SHOPEE,428774500
CKRTHA,01-Jan-25,INVOICE,SHOPEEPAY,1273249705
CKRTHA,01-Jan-25,WEB,CASH,1972855500
CKRTHA,01-Jan-25,WEB,EDC,196013000
CKRTHA,01-Jan-25,WEB,GO RESTO,454266838
CKRTHA,01-Jan-25,WEB,GRAB FOOD,604150881
CKRTHA,01-Jan-25,WEB,QRIS SHOPEE,428617000
CKRTHA,01-Jan-25,WEB,SHOPEEPAY,1278629757
CMHAMI,01-Jan-25,INVOICE,GO RESTO,207575414
CMHAMI,01-Jan-25,INVOICE,GRAB FOOD,145446649
CMHAMI,01-Jan-25,INVOICE,QRIS SHOPEE,194949500
CMHAMI,01-Jan-25,INVOICE,SHOPEEPAY,585939901
CMHAMI,01-Jan-25,WEB,CASH,1031367500
CMHAMI,01-Jan-25,WEB,CLOUD VOUCHER,50000
CMHAMI,01-Jan-25,WEB,EDC,67981000
CMHAMI,01-Jan-25,WEB,GO RESTO,207869431
CMHAMI,01-Jan-25,WEB,GRAB FOOD,145494701
CMHAMI,01-Jan-25,WEB,QRIS SHOPEE,194950500
CMHAMI,01-Jan-25,WEB,SHOPEEPAY,587613925
CPTPON,01-Jan-25,INVOICE,GO RESTO,209475642
CPTPON,01-Jan-25,INVOICE,GRAB FOOD,168351663.2
CPTPON,01-Jan-25,INVOICE,QRIS ESB,216287500
CPTPON,01-Jan-25,INVOICE,QRIS SHOPEE,130425000
CPTPON,01-Jan-25,INVOICE,SHOPEEPAY,263762023
CPTPON,01-Jan-25,WEB,CASH,533150500
CPTPON,01-Jan-25,WEB,EDC,62283000
CPTPON,01-Jan-25,WEB,GO RESTO,201001200
CPTPON,01-Jan-25,WEB,GRAB FOOD,168584256
CPTPON,01-Jan-25,WEB,QRIS ESB,216287500
CPTPON,01-Jan-25,WEB,QRIS SHOPEE,130424500
CPTPON,01-Jan-25,WEB,SHOPEEPAY,246362225
CPTPUS,01-Jan-25,INVOICE,GO RESTO,364800722
CPTPUS,01-Jan-25,INVOICE,GRAB FOOD,272516079.3
CPTPUS,01-Jan-25,INVOICE,QRIS SHOPEE,431687893
CPTPUS,01-Jan-25,INVOICE,SHOPEEPAY,591559142
CPTPUS,01-Jan-25,WEB,CASH,1049773500
CPTPUS,01-Jan-25,WEB,EDC,87932500
CPTPUS,01-Jan-25,WEB,GO RESTO,364912733
CPTPUS,01-Jan-25,WEB,GRAB FOOD,273362861
CPTPUS,01-Jan-25,WEB,QRIS SHOPEE,431859000
CPTPUS,01-Jan-25,WEB,SHOPEEPAY,592162310
CPTSET,01-Jan-25,INVOICE,GO RESTO,94516542
CPTSET,01-Jan-25,INVOICE,GRAB FOOD,178639210
CPTSET,01-Jan-25,INVOICE,QRIS ESB,128140500
CPTSET,01-Jan-25,INVOICE,QRIS SHOPEE,190892300
CPTSET,01-Jan-25,INVOICE,SHOPEEPAY,233263519
CPTSET,01-Jan-25,WEB,CASH,552090000
CPTSET,01-Jan-25,WEB,EDC,66758500
CPTSET,01-Jan-25,WEB,GO RESTO,92719427
CPTSET,01-Jan-25,WEB,GRAB FOOD,179334880
CPTSET,01-Jan-25,WEB,QRIS ESB,128140500
CPTSET,01-Jan-25,WEB,QRIS SHOPEE,190829000
CPTSET,01-Jan-25,WEB,SHOPEEPAY,216773461
DPKJAS,01-Jan-25,INVOICE,GO RESTO,539184741
DPKJAS,01-Jan-25,INVOICE,GRAB FOOD,476961406.2
DPKJAS,01-Jan-25,INVOICE,QRIS SHOPEE,637272000
DPKJAS,01-Jan-25,INVOICE,SHOPEEPAY,843171159
DPKJAS,01-Jan-25,WEB,CASH,1240132500
DPKJAS,01-Jan-25,WEB,EDC,118771000
DPKJAS,01-Jan-25,WEB,GO RESTO,539184666
DPKJAS,01-Jan-25,WEB,GRAB FOOD,476827011
DPKJAS,01-Jan-25,WEB,QRIS SHOPEE,637255000
DPKJAS,01-Jan-25,WEB,SHOPEEPAY,844881330
DPKMAR,01-Jan-25,INVOICE,GO RESTO,589116613
DPKMAR,01-Jan-25,INVOICE,GRAB FOOD,492618150
DPKMAR,01-Jan-25,INVOICE,QRIS SHOPEE,525967502
DPKMAR,01-Jan-25,INVOICE,SHOPEEPAY,861801964
DPKMAR,01-Jan-25,WEB,CASH,1110592500
DPKMAR,01-Jan-25,WEB,EDC,110017000
DPKMAR,01-Jan-25,WEB,GO RESTO,589116604
DPKMAR,01-Jan-25,WEB,GRAB FOOD,492238832
DPKMAR,01-Jan-25,WEB,QRIS SHOPEE,525838500
DPKMAR,01-Jan-25,WEB,SHOPEEPAY,863645176
GGPJAT,01-Jan-25,INVOICE,GO RESTO,292097782
GGPJAT,01-Jan-25,INVOICE,GRAB FOOD,476791894.7
GGPJAT,01-Jan-25,INVOICE,QRIS ESB,304461500
GGPJAT,01-Jan-25,INVOICE,QRIS SHOPEE,130378008
GGPJAT,01-Jan-25,INVOICE,SHOPEEPAY,493825113
GGPJAT,01-Jan-25,WEB,CASH,778021000
GGPJAT,01-Jan-25,WEB,EDC,77977000
GGPJAT,01-Jan-25,WEB,GO RESTO,270190396
GGPJAT,01-Jan-25,WEB,GRAB FOOD,477967411
GGPJAT,01-Jan-25,WEB,QRIS ESB,304483500
GGPJAT,01-Jan-25,WEB,QRIS SHOPEE,130378000
GGPJAT,01-Jan-25,WEB,SHOPEEPAY,458905341
GGPPAN,01-Jan-25,INVOICE,GO RESTO,596724414
GGPPAN,01-Jan-25,INVOICE,GRAB FOOD,566781518.2
GGPPAN,01-Jan-25,INVOICE,QRIS ESB,477627000
GGPPAN,01-Jan-25,INVOICE,QRIS SHOPEE,182928500
GGPPAN,01-Jan-25,INVOICE,SHOPEEPAY,1074870944
GGPPAN,01-Jan-25,WEB,CASH,1106006000
GGPPAN,01-Jan-25,WEB,EDC,137622500
GGPPAN,01-Jan-25,WEB,GO RESTO,562276497
GGPPAN,01-Jan-25,WEB,GRAB FOOD,567936054
GGPPAN,01-Jan-25,WEB,QRIS ESB,477974500
GGPPAN,01-Jan-25,WEB,QRIS SHOPEE,182259000
GGPPAN,01-Jan-25,WEB,SHOPEEPAY,1003019343
IDMPAN,01-Jan-25,INVOICE,GO RESTO,98876515
IDMPAN,01-Jan-25,INVOICE,GRAB FOOD,308530532.2
IDMPAN,01-Jan-25,INVOICE,QRIS ESB,329752000
IDMPAN,01-Jan-25,INVOICE,QRIS SHOPEE,47739500
IDMPAN,01-Jan-25,INVOICE,SHOPEEPAY,278901194
IDMPAN,01-Jan-25,WEB,CASH,1627450500
IDMPAN,01-Jan-25,WEB,EDC,68480500
IDMPAN,01-Jan-25,WEB,GO RESTO,94234115
IDMPAN,01-Jan-25,WEB,GRAB FOOD,307494199
IDMPAN,01-Jan-25,WEB,QRIS ESB,329927000
IDMPAN,01-Jan-25,WEB,QRIS SHOPEE,47465000
IDMPAN,01-Jan-25,WEB,SHOPEEPAY,260264308
JMRSUM,01-Jan-25,INVOICE,GO RESTO,493635591
JMRSUM,01-Jan-25,INVOICE,GRAB FOOD,868357590.3
JMRSUM,01-Jan-25,INVOICE,QRIS SHOPEE,266994500
JMRSUM,01-Jan-25,INVOICE,SHOPEEPAY,541597910
JMRSUM,01-Jan-25,WEB,CASH,1362294000
JMRSUM,01-Jan-25,WEB,EDC,20967500
JMRSUM,01-Jan-25,WEB,GO RESTO,493693591
JMRSUM,01-Jan-25,WEB,GRAB FOOD,869782951
JMRSUM,01-Jan-25,WEB,QRIS SHOPEE,267187500
JMRSUM,01-Jan-25,WEB,SHOPEEPAY,543271848
KDRURI,01-Jan-25,INVOICE,GO RESTO,174834938
KDRURI,01-Jan-25,INVOICE,GRAB FOOD,145275538
KDRURI,01-Jan-25,INVOICE,QRIS SHOPEE,153984000
KDRURI,01-Jan-25,INVOICE,SHOPEEPAY,284585815
KDRURI,01-Jan-25,WEB,CASH,958256000
KDRURI,01-Jan-25,WEB,EDC,14915000
KDRURI,01-Jan-25,WEB,GO RESTO,174834940
KDRURI,01-Jan-25,WEB,GRAB FOOD,145247925
KDRURI,01-Jan-25,WEB,QRIS SHOPEE,154038000
KDRURI,01-Jan-25,WEB,SHOPEEPAY,284983383
KWGGAL,01-Jan-25,INVOICE,GO RESTO,302362182
KWGGAL,01-Jan-25,INVOICE,GRAB FOOD,570449991
KWGGAL,01-Jan-25,INVOICE,QRIS SHOPEE,358194500
KWGGAL,01-Jan-25,INVOICE,SHOPEEPAY,702631605
KWGGAL,01-Jan-25,WEB,CASH,1622080500
KWGGAL,01-Jan-25,WEB,EDC,58169000
KWGGAL,01-Jan-25,WEB,GO RESTO,302362182
KWGGAL,01-Jan-25,WEB,GRAB FOOD,570133650
KWGGAL,01-Jan-25,WEB,QRIS SHOPEE,358193500
KWGGAL,01-Jan-25,WEB,SHOPEEPAY,703367451
KWGTEL,01-Jan-25,INVOICE,GO RESTO,93123055
KWGTEL,01-Jan-25,INVOICE,GRAB FOOD,158695368
KWGTEL,01-Jan-25,INVOICE,QRIS ESB,107293000
KWGTEL,01-Jan-25,INVOICE,QRIS SHOPEE,170426500
KWGTEL,01-Jan-25,INVOICE,SHOPEEPAY,323007121
KWGTEL,01-Jan-25,WEB,CASH,1137467500
KWGTEL,01-Jan-25,WEB,EDC,34309000
KWGTEL,01-Jan-25,WEB,EDC CIMB,130500
KWGTEL,01-Jan-25,WEB,GO RESTO,87586240
KWGTEL,01-Jan-25,WEB,GRAB FOOD,158869902
KWGTEL,01-Jan-25,WEB,QRIS ESB,107293000
KWGTEL,01-Jan-25,WEB,QRIS SHOPEE,170425500
KWGTEL,01-Jan-25,WEB,SHOPEEPAY,299717105
KWGTUP,01-Jan-25,INVOICE,GO RESTO,148799583
KWGTUP,01-Jan-25,INVOICE,GRAB FOOD,351824832
KWGTUP,01-Jan-25,INVOICE,QRIS SHOPEE,202498500
KWGTUP,01-Jan-25,INVOICE,SHOPEEPAY,370359466
KWGTUP,01-Jan-25,WEB,CASH,1505228000
KWGTUP,01-Jan-25,WEB,EDC,139741000
KWGTUP,01-Jan-25,WEB,GO RESTO,148799582
KWGTUP,01-Jan-25,WEB,GRAB FOOD,352041618
KWGTUP,01-Jan-25,WEB,QRIS SHOPEE,202466000
KWGTUP,01-Jan-25,WEB,SHOPEEPAY,370851385
KYBCIL,01-Jan-25,INVOICE,GO RESTO,540403594
KYBCIL,01-Jan-25,INVOICE,GRAB FOOD,325342214.2
KYBCIL,01-Jan-25,INVOICE,QRIS ESB,492609500
KYBCIL,01-Jan-25,INVOICE,QRIS SHOPEE,3693000
KYBCIL,01-Jan-25,INVOICE,SHOPEEPAY,463171141
KYBCIL,01-Jan-25,WEB,CASH,813547000
KYBCIL,01-Jan-25,WEB,EDC,102542500
KYBCIL,01-Jan-25,WEB,GO RESTO,514644924
KYBCIL,01-Jan-25,WEB,GRAB FOOD,325390421
KYBCIL,01-Jan-25,WEB,QRIS ESB,492440000
KYBCIL,01-Jan-25,WEB,QRIS SHOPEE,3666500
KYBCIL,01-Jan-25,WEB,SHOPEEPAY,433697416
KYBKEM,01-Jan-25,INVOICE,GO RESTO,548052628
KYBKEM,01-Jan-25,INVOICE,GRAB FOOD,514988845.6
KYBKEM,01-Jan-25,INVOICE,QRIS ESB,397223000
KYBKEM,01-Jan-25,INVOICE,QRIS SHOPEE,99219500
KYBKEM,01-Jan-25,INVOICE,SHOPEEPAY,797790788
KYBKEM,01-Jan-25,WEB,CASH,545621500
KYBKEM,01-Jan-25,WEB,EDC,52556500
KYBKEM,01-Jan-25,WEB,GO RESTO,517410364
KYBKEM,01-Jan-25,WEB,GRAB FOOD,516449550
KYBKEM,01-Jan-25,WEB,QRIS ESB,397358500
KYBKEM,01-Jan-25,WEB,QRIS SHOPEE,99164000
KYBKEM,01-Jan-25,WEB,SHOPEEPAY,744031008
KYBTEB,01-Jan-25,INVOICE,GO RESTO,780310353
KYBTEB,01-Jan-25,INVOICE,GRAB FOOD,684805564.8
KYBTEB,01-Jan-25,INVOICE,QRIS SHOPEE,374342000
KYBTEB,01-Jan-25,INVOICE,SHOPEEPAY,930882511
KYBTEB,01-Jan-25,WEB,CASH,688885500
KYBTEB,01-Jan-25,WEB,EDC,66784500
KYBTEB,01-Jan-25,WEB,GO RESTO,780587837
KYBTEB,01-Jan-25,WEB,GRAB FOOD,686549008
KYBTEB,01-Jan-25,WEB,QRIS SHOPEE,374377000
KYBTEB,01-Jan-25,WEB,SHOPEEPAY,937381383
MKSPER,01-Jan-25,INVOICE,GO RESTO,289816567
MKSPER,01-Jan-25,INVOICE,GRAB FOOD,540435760
MKSPER,01-Jan-25,INVOICE,QRIS ESB,662306500
MKSPER,01-Jan-25,INVOICE,QRIS SHOPEE,1164000
MKSPER,01-Jan-25,INVOICE,SHOPEEPAY,414073170
MKSPER,01-Jan-25,WEB,CASH,816498500
MKSPER,01-Jan-25,WEB,EDC,23610000
MKSPER,01-Jan-25,WEB,GO RESTO,276787421
MKSPER,01-Jan-25,WEB,GRAB FOOD,541354431
MKSPER,01-Jan-25,WEB,QRIS ESB,662686000
MKSPER,01-Jan-25,WEB,QRIS SHOPEE,1164000
MKSPER,01-Jan-25,WEB,SHOPEEPAY,387481175
MKSPET,01-Jan-25,INVOICE,GO RESTO,228370977
MKSPET,01-Jan-25,INVOICE,GRAB FOOD,662941769
MKSPET,01-Jan-25,INVOICE,QRIS ESB,483381000
MKSPET,01-Jan-25,INVOICE,QRIS SHOPEE,199919580
MKSPET,01-Jan-25,INVOICE,SHOPEEPAY,469187143
MKSPET,01-Jan-25,WEB,CASH,1063209500
MKSPET,01-Jan-25,WEB,EDC,32426000
MKSPET,01-Jan-25,WEB,GO RESTO,217165955
MKSPET,01-Jan-25,WEB,GRAB FOOD,664567151
MKSPET,01-Jan-25,WEB,QRIS ESB,483259500
MKSPET,01-Jan-25,WEB,QRIS SHOPEE,200837000
MKSPET,01-Jan-25,WEB,SHOPEEPAY,440714234
MKSPOR,01-Jan-25,INVOICE,GO RESTO,367395008
MKSPOR,01-Jan-25,INVOICE,GRAB FOOD,645832879.9
MKSPOR,01-Jan-25,INVOICE,QRIS ESB,630208000
MKSPOR,01-Jan-25,INVOICE,QRIS SHOPEE,1088500
MKSPOR,01-Jan-25,INVOICE,SHOPEEPAY,447255735
MKSPOR,01-Jan-25,WEB,CASH,1056477000
MKSPOR,01-Jan-25,WEB,EDC,41581500
MKSPOR,01-Jan-25,WEB,GO RESTO,348575004
MKSPOR,01-Jan-25,WEB,GRAB FOOD,645922279
MKSPOR,01-Jan-25,WEB,QRIS ESB,629367500
MKSPOR,01-Jan-25,WEB,QRIS SHOPEE,1088500
MKSPOR,01-Jan-25,WEB,SHOPEEPAY,418305879
MLGSUP,01-Jan-25,INVOICE,GO RESTO,208633538
MLGSUP,01-Jan-25,INVOICE,GRAB FOOD,411462103.2
MLGSUP,01-Jan-25,INVOICE,QRIS SHOPEE,247252500
MLGSUP,01-Jan-25,INVOICE,SHOPEEPAY,893934765
MLGSUP,01-Jan-25,WEB,CASH,1171662000
MLGSUP,01-Jan-25,WEB,EDC,46869500
MLGSUP,01-Jan-25,WEB,GO RESTO,195940438
MLGSUP,01-Jan-25,WEB,GRAB FOOD,411132252
MLGSUP,01-Jan-25,WEB,QRIS SHOPEE,247289500
MLGSUP,01-Jan-25,WEB,SHOPEEPAY,819229122
MLGTLO,01-Jan-25,INVOICE,GO RESTO,271662909
MLGTLO,01-Jan-25,INVOICE,GRAB FOOD,552105962
MLGTLO,01-Jan-25,INVOICE,QRIS SHOPEE,322799000
MLGTLO,01-Jan-25,INVOICE,SHOPEEPAY,1140051502
MLGTLO,01-Jan-25,WEB,CASH,706738000
MLGTLO,01-Jan-25,WEB,EDC,28240000
MLGTLO,01-Jan-25,WEB,GO RESTO,271690913
MLGTLO,01-Jan-25,WEB,GRAB FOOD,551983991
MLGTLO,01-Jan-25,WEB,QRIS SHOPEE,322877000
MLGTLO,01-Jan-25,WEB,SHOPEEPAY,1142975174
NPHCIB,01-Jan-25,INVOICE,GO RESTO,132783625
NPHCIB,01-Jan-25,INVOICE,GRAB FOOD,84792963
NPHCIB,01-Jan-25,INVOICE,QRIS ESB,31500500
NPHCIB,01-Jan-25,INVOICE,QRIS SHOPEE,144295500
NPHCIB,01-Jan-25,INVOICE,SHOPEEPAY,368742148
NPHCIB,01-Jan-25,WEB,CASH,782537000
NPHCIB,01-Jan-25,WEB,EDC,42240000
NPHCIB,01-Jan-25,WEB,GO RESTO,127481205
NPHCIB,01-Jan-25,WEB,GRAB FOOD,84832936
NPHCIB,01-Jan-25,WEB,QRIS ESB,31500500
NPHCIB,01-Jan-25,WEB,QRIS SHOPEE,144218000
NPHCIB,01-Jan-25,WEB,SHOPEEPAY,343344887
NPHCIB,01-Jan-25,WEB,VOUCHER,164000
SBYMAN,01-Jan-25,INVOICE,GO RESTO,255858667
SBYMAN,01-Jan-25,INVOICE,GRAB FOOD,283845426
SBYMAN,01-Jan-25,INVOICE,QRIS SHOPEE,252598500
SBYMAN,01-Jan-25,INVOICE,SHOPEEPAY,611424525
SBYMAN,01-Jan-25,WEB,CASH,636797000
SBYMAN,01-Jan-25,WEB,EDC,22988000
SBYMAN,01-Jan-25,WEB,GO RESTO,255887676
SBYMAN,01-Jan-25,WEB,GRAB FOOD,283759325
SBYMAN,01-Jan-25,WEB,QRIS SHOPEE,252610000
SBYMAN,01-Jan-25,WEB,SHOPEEPAY,612886831
SBYMAR,01-Jan-25,INVOICE,GO RESTO,151236316
SBYMAR,01-Jan-25,INVOICE,GRAB FOOD,192540441
SBYMAR,01-Jan-25,INVOICE,QRIS SHOPEE,192930500
SBYMAR,01-Jan-25,INVOICE,SHOPEEPAY,394004792
SBYMAR,01-Jan-25,WEB,CASH,448226500
SBYMAR,01-Jan-25,WEB,EDC,38515000
SBYMAR,01-Jan-25,WEB,GO RESTO,151236318
SBYMAR,01-Jan-25,WEB,GRAB FOOD,192506620
SBYMAR,01-Jan-25,WEB,QRIS SHOPEE,192909500
SBYMAR,01-Jan-25,WEB,RESERVASI,21000
SBYMAR,01-Jan-25,WEB,SHOPEEPAY,394328632
SMRAHM,01-Jan-25,INVOICE,GO RESTO,582725538
SMRAHM,01-Jan-25,INVOICE,GRAB FOOD,677123111.3
SMRAHM,01-Jan-25,INVOICE,QRIS ESB,326978000
SMRAHM,01-Jan-25,INVOICE,QRIS SHOPEE,241520500
SMRAHM,01-Jan-25,INVOICE,SHOPEEPAY,123181355
SMRAHM,01-Jan-25,WEB,CASH,1207821500
SMRAHM,01-Jan-25,WEB,EDC,66129000
SMRAHM,01-Jan-25,WEB,GO RESTO,558860962
SMRAHM,01-Jan-25,WEB,GRAB FOOD,684880076
SMRAHM,01-Jan-25,WEB,QRIS ESB,326978000
SMRAHM,01-Jan-25,WEB,QRIS SHOPEE,241482000
SMRAHM,01-Jan-25,WEB,SHOPEEPAY,114908425
SMRYAM,01-Jan-25,INVOICE,GO RESTO,573293196
SMRYAM,01-Jan-25,INVOICE,GRAB FOOD,870953192.2
SMRYAM,01-Jan-25,INVOICE,QRIS ESB,586290000
SMRYAM,01-Jan-25,INVOICE,QRIS SHOPEE,210726500
SMRYAM,01-Jan-25,INVOICE,SHOPEEPAY,127269427
SMRYAM,01-Jan-25,WEB,CASH,1248533000
SMRYAM,01-Jan-25,WEB,EDC,35878500
SMRYAM,01-Jan-25,WEB,EDC CIMB,16500
SMRYAM,01-Jan-25,WEB,GO RESTO,546515580
SMRYAM,01-Jan-25,WEB,GRAB FOOD,872416430
SMRYAM,01-Jan-25,WEB,QRIS ESB,586290000
SMRYAM,01-Jan-25,WEB,QRIS SHOPEE,210654500
SMRYAM,01-Jan-25,WEB,SHOPEEPAY,117675919
SNGKAR,01-Jan-25,INVOICE,GO RESTO,126069032
SNGKAR,01-Jan-25,INVOICE,GRAB FOOD,800258184.3
SNGKAR,01-Jan-25,INVOICE,QRIS ESB,348530500
SNGKAR,01-Jan-25,INVOICE,QRIS SHOPEE,129055500
SNGKAR,01-Jan-25,INVOICE,SHOPEEPAY,315631203
SNGKAR,01-Jan-25,WEB,CASH,1681209000
SNGKAR,01-Jan-25,WEB,EDC,34222500
SNGKAR,01-Jan-25,WEB,GO RESTO,124741332
SNGKAR,01-Jan-25,WEB,GRAB FOOD,802022479
SNGKAR,01-Jan-25,WEB,QRIS ESB,348725500
SNGKAR,01-Jan-25,WEB,QRIS SHOPEE,128958000
SNGKAR,01-Jan-25,WEB,SHOPEEPAY,294247748
SORTAM,01-Jan-25,INVOICE,GO RESTO,90093997
SORTAM,01-Jan-25,INVOICE,GRAB FOOD,79255524.15
SORTAM,01-Jan-25,INVOICE,QRIS SHOPEE,146078500
SORTAM,01-Jan-25,INVOICE,SHOPEEPAY,412489271
SORTAM,01-Jan-25,WEB,CASH,1028807000
SORTAM,01-Jan-25,WEB,CLOUD VOUCHER,50000
SORTAM,01-Jan-25,WEB,EDC,58979000
SORTAM,01-Jan-25,WEB,GO RESTO,90077989
SORTAM,01-Jan-25,WEB,GRAB FOOD,79250620
SORTAM,01-Jan-25,WEB,QRIS SHOPEE,146078500
SORTAM,01-Jan-25,WEB,SHOPEEPAY,413517764
TGLSUD,01-Jan-25,INVOICE,GO RESTO,350502780
TGLSUD,01-Jan-25,INVOICE,GRAB FOOD,234319265
TGLSUD,01-Jan-25,INVOICE,QRIS SHOPEE,172031000
TGLSUD,01-Jan-25,INVOICE,SHOPEEPAY,672219208
TGLSUD,01-Jan-25,WEB,CASH,1481262000
TGLSUD,01-Jan-25,WEB,EDC,15856500
TGLSUD,01-Jan-25,WEB,GO RESTO,350827767
TGLSUD,01-Jan-25,WEB,GRAB FOOD,234700658
TGLSUD,01-Jan-25,WEB,QRIS SHOPEE,171642000
TGLSUD,01-Jan-25,WEB,SHOPEEPAY,674514500
TGRHAR,01-Jan-25,INVOICE,GO RESTO,272753767
TGRHAR,01-Jan-25,INVOICE,GRAB FOOD,360674285
TGRHAR,01-Jan-25,INVOICE,QRIS ESB,719418500
TGRHAR,01-Jan-25,INVOICE,QRIS SHOPEE,270855400
TGRHAR,01-Jan-25,INVOICE,SHOPEEPAY,665442513
TGRHAR,01-Jan-25,WEB,CASH,1744189000
TGRHAR,01-Jan-25,WEB,EDC,42396500
TGRHAR,01-Jan-25,WEB,GO RESTO,258015803
TGRHAR,01-Jan-25,WEB,GRAB FOOD,362034486
TGRHAR,01-Jan-25,WEB,QRIS ESB,720079500
TGRHAR,01-Jan-25,WEB,QRIS SHOPEE,270364500
TGRHAR,01-Jan-25,WEB,SHOPEEPAY,622893448
TGRKUT,01-Jan-25,INVOICE,GO RESTO,368599182
TGRKUT,01-Jan-25,INVOICE,GRAB FOOD,412709252.1
TGRKUT,01-Jan-25,INVOICE,QRIS ESB,557881500
TGRKUT,01-Jan-25,INVOICE,QRIS SHOPEE,11557000
TGRKUT,01-Jan-25,INVOICE,SHOPEEPAY,928089923
TGRKUT,01-Jan-25,WEB,CASH,1513185000
TGRKUT,01-Jan-25,WEB,EDC,56436500
TGRKUT,01-Jan-25,WEB,GO RESTO,350256928
TGRKUT,01-Jan-25,WEB,GRAB FOOD,413281392
TGRKUT,01-Jan-25,WEB,QRIS ESB,558416500
TGRKUT,01-Jan-25,WEB,QRIS SHOPEE,11554000
TGRKUT,01-Jan-25,WEB,RESERVASI,21000
TGRKUT,01-Jan-25,WEB,SHOPEEPAY,868170704
TJPDAN,01-Jan-25,INVOICE,GO RESTO,392846614
TJPDAN,01-Jan-25,INVOICE,GRAB FOOD,333748750.6
TJPDAN,01-Jan-25,INVOICE,QRIS SHOPEE,275057500
TJPDAN,01-Jan-25,INVOICE,SHOPEEPAY,759310656
TJPDAN,01-Jan-25,WEB,CASH,1367831000
TJPDAN,01-Jan-25,WEB,EDC,166494500
TJPDAN,01-Jan-25,WEB,GO RESTO,393352139
TJPDAN,01-Jan-25,WEB,GRAB FOOD,334673238
TJPDAN,01-Jan-25,WEB,QRIS SHOPEE,275108500
TJPDAN,01-Jan-25,WEB,SHOPEEPAY,762155294
TNACEM,01-Jan-25,INVOICE,GO RESTO,567604861
TNACEM,01-Jan-25,INVOICE,GRAB FOOD,611756709.3
TNACEM,01-Jan-25,INVOICE,QRIS SHOPEE,225380080
TNACEM,01-Jan-25,INVOICE,SHOPEEPAY,930450971
TNACEM,01-Jan-25,WEB,CASH,1245713000
TNACEM,01-Jan-25,WEB,EDC,167435000
TNACEM,01-Jan-25,WEB,GO RESTO,568568658
TNACEM,01-Jan-25,WEB,GRAB FOOD,614297041
TNACEM,01-Jan-25,WEB,QRIS SHOPEE,225380000
TNACEM,01-Jan-25,WEB,SHOPEEPAY,933129083
TNAMAN,01-Jan-25,INVOICE,GO RESTO,456124678
TNAMAN,01-Jan-25,INVOICE,GRAB FOOD,507150188.8
TNAMAN,01-Jan-25,INVOICE,QRIS SHOPEE,399971000
TNAMAN,01-Jan-25,INVOICE,SHOPEEPAY,711254276
TNAMAN,01-Jan-25,WEB,CASH,1271902500
TNAMAN,01-Jan-25,WEB,EDC,123235500
TNAMAN,01-Jan-25,WEB,GO RESTO,457251737
TNAMAN,01-Jan-25,WEB,GRAB FOOD,509681737
TNAMAN,01-Jan-25,WEB,QRIS SHOPEE,400073000
TNAMAN,01-Jan-25,WEB,RESERVASI,19000
TNAMAN,01-Jan-25,WEB,SHOPEEPAY,715430230
,,,,
,,,,
,,,,
,,,,
,,,,
,,,,
,,,,
,,,,
,,,,
,,,,
,,,,
,,,,
,,,,
,,,,
,,,,
,,,,
,,,,
,,,,
,,,,
,,,,
,,,,
,,,,
,,,,
,,,,
,,,,
,,,,
,,,,
,,,,
,,,,
,,,,
,,,,
,,,,
,,,,
,,,,
,,,,
,,,,
,,,,
,,,,
,,,,
,,,,
,,,,
,,,,
,,,,
,,,,
,,,,
,,,,
,,,,
,,,,
,,,,
,,,,
,,,,
,,,,
,,,,
,,,,
,,,,
,,,,
,,,,
,,,,
,,,,
,,,,
,,,,
,,,,
,,,,
,,,,
,,,,
,,,,
,,,,
,,,,
,,,,
,,,,
,,,,
,,,,
,,,,
,,,,
,,,,
,,,,
,,,,
,,,,
,,,,
,,,,
,,,,
,,,,
,,,,
,,,,
,,,,
,,,,
,,,,
,,,,
,,,,
,,,,
,,,,
,,,,
,,,,
,,,,
,,,,
,,,,
,,,,
,,,,
,,,,
,,,,
,,,,
,,,,
,,,,
,,,,
,,,,
,,,,
,,,,
,,,,
,,,,
,,,,
,,,,
,,,,
,,,,
,,,,
,,,,
,,,,
,,,,
,,,,
,,,,
,,,,
,,,,
,,,,
,,,,
,,,,
,,,,
,,,,
,,,,
,,,,
,,,,
,,,,
,,,,
,,,,
,,,,
,,,,
,,,,
,,,,
,,,,
,,,,
,,,,
,,,,
,,,,
,,,,
,,,,
,,,,
,,,,
,,,,
,,,,
,,,,
,,,,
,,,,
,,,,
,,,,
,,,,
,,,,
,,,,
,,,,
,,,,
,,,,
,,,,
,,,,
,,,,
,,,,
,,,,
,,,,
,,,,
,,,,
,,,,
,,,,
,,,,
,,,,
,,,,
,,,,
,,,,
,,,,
,,,,
,,,,
,,,,
,,,,
,,,,
,,,,
,,,,
,,,,
,,,,
,,,,
,,,,
,,,,
,,,,
,,,,
,,,,
,,,,
,,,,
,,,,
,,,,
,,,,
,,,,
,,,,
,,,,
,,,,
,,,,
,,,,
,,,,
,,,,
,,,,
,,,,
,,,,
,,,,
,,,,
,,,,
,,,,
,,,,
,,,,
,,,,
,,,,
,,,,
,,,,
,,,,
,,,,
,,,,
,,,,
,,,,
,,,,
,,,,
,,,,
,,,,
,,,,
,,,,
,,,,
,,,,
,,,,
,,,,
,,,,
,,,,
,,,,
,,,,
,,,,
,,,,
,,,,
,,,,
,,,,
,,,,
,,,,
,,,,
,,,,
,,,,
,,,,
,,,,
,,,,
,,,,
,,,,
,,,,
,,,,
,,,,
,,,,
,,,,
,,,,
,,,,
,,,,
,,,,
,,,,
,,,,
,,,,
,,,,
,,,,
,,,,
,,,,
,,,,
,,,,
,,,,
,,,,
,,,,
,,,,
,,,,
,,,,
,,,,
,,,,
,,,,
,,,,
,,,,
,,,,
,,,,
,,,,
,,,,
,,,,
,,,,
,,,,
,,,,
,,,,
,,,,
,,,,
,,,,
,,,,
,,,,
,,,,
,,,,
,,,,
,,,,
,,,,
,,,,
,,,,
,,,,
,,,,
,,,,
,,,,
,,,,
,,,,
,,,,
,,,,
,,,,
,,,,
,,,,
,,,,
,,,,
,,,,
,,,,
,,,,
,,,,
,,,,
,,,,
,,,,
,,,,
,,,,
,,,,
,,,,
,,,,
,,,,
,,,,
,,,,
,,,,
,,,,
,,,,
,,,,
,,,,
,,,,
,,,,
,,,,
,,,,
,,,,
,,,,
,,,,
,,,,
,,,,
,,,,
,,,,
,,,,
,,,,
,,,,
,,,,
,,,,
,,,,
,,,,
,,,,
,,,,
,,,,
,,,,
,,,,
,,,,
,,,,
,,,,
,,,,
,,,,
,,,,
,,,,
,,,,
,,,,
,,,,
,,,,
,,,,
,,,,
,,,,
,,,,
,,,,
,,,,
,,,,
,,,,
,,,,
,,,,
,,,,
,,,,
,,,,
,,,,
,,,,
,,,,
,,,,
,,,,
,,,,
,,,,
,,,,
,,,,
,,,,
,,,,
,,,,
,,,,
,,,,
,,,,
,,,,
,,,,
,,,,
,,,,
,,,,
,,,,
,,,,
,,,,
,,,,
,,,,
,,,,
,,,,
,,,,
,,,,
,,,,
,,,,
,,,,
,,,,
,,,,
,,,,
,,,,
,,,,
,,,,
,,,,
,,,,
,,,,
,,,,
,,,,
,,,,
,,,,
,,,,
,,,,
,,,,
,,,,
,,,,
,,,,
,,,,
,,,,
,,,,
,,,,
,,,,
,,,,
,,,,
,,,,
,,,,
,,,,
,,,,
,,,,
,,,,
,,,,
,,,,
,,,,
,,,,
,,,,
,,,,
,,,,
,,,,
,,,,
,,,,
,,,,
,,,,
,,,,
,,,,
,,,,
,,,,
,,,,
,,,,
,,,,
,,,,
,,,,
,,,,
,,,,
,,,,
,,,,
,,,,
,,,,
,,,,
,,,,
,,,,
,,,,
,,,,
,,,,
,,,,
,,,,
,,,,
,,,,
,,,,
,,,,
,,,,
,,,,
,,,,
,,,,
,,,,
,,,,
,,,,
,,,,
,,,,
,,,,
,,,,
,,,,
,,,,
,,,,
,,,,
,,,,
,,,,
,,,,
,,,,
,,,,
,,,,
,,,,
,,,,
,,,,
,,,,
,,,,
,,,,
,,,,
,,,,
,,,,
,,,,
,,,,
,,,,
,,,,
,,,,
,,,,
,,,,
,,,,
,,,,
,,,,
,,,,
,,,,
,,,,
,,,,
,,,,
,,,,
,,,,
,,,,
,,,,
,,,,
,,,,
,,,,
,,,,
,,,,
,,,,
,,,,
,,,,
,,,,
,,,,
,,,,
,,,,
,,,,
,,,,
,,,,
,,,,
,,,,
,,,,
,,,,
,,,,
,,,,
,,,,
,,,,
,,,,
,,,,
,,,,
,,,,
,,,,
,,,,
,,,,
,,,,
,,,,
,,,,
,,,,
,,,,
,,,,
,,,,
,,,,
,,,,
,,,,
,,,,
,,,,
,,,,
,,,,
,,,,
,,,,
,,,,
,,,,
,,,,
,,,,
,,,,
,,,,
,,,,
,,,,
,,,,
,,,,
,,,,
,,,,
,,,,
,,,,
,,,,
,,,,
,,,,
,,,,
,,,,
,,,,
,,,,
,,,,
,,,,
,,,,
,,,,
,,,,
,,,,
,,,,
,,,,
,,,,
,,,,
,,,,
,,,,
,,,,
,,,,
,,,,
,,,,
,,,,
,,,,
,,,,
,,,,
,,,,
,,,,
,,,,
,,,,
,,,,
,,,,
,,,,
,,,,
,,,,
,,,,
,,,,
,,,,
,,,,
,,,,
,,,,
,,,,
,,,,
,,,,
,,,,
,,,,
,,,,
,,,,
,,,,
,,,,
,,,,
,,,,
,,,,
,,,,
,,,,
,,,,
,,,,
,,,,
,,,,
,,,,
,,,,
,,,,
,,,,
,,,,
,,,,
,,,,
,,,,
,,,,
,,,,
,,,,
,,,,
,,,,
,,,,
,,,,
,,,,
,,,,
,,,,
,,,,
,,,,
,,,,
,,,,
,,,,
,,,,
,,,,
,,,,
,,,,
,,,,
,,,,
,,,,
,,,,
,,,,
,,,,
,,,,
,,,,
,,,,
,,,,
,,,,
,,,,
,,,,
,,,,
,,,,
,,,,
,,,,
,,,,
,,,,
,,,,
,,,,
,,,,
,,,,
,,,,
,,,,
,,,,
,,,,
,,,,
,,,,
,,,,
,,,,
,,,,
,,,,
,,,,
,,,,
,,,,
,,,,
,,,,
,,,,
,,,,
,,,,
,,,,
,,,,
,,,,
,,,,
,,,,
,,,,
,,,,
,,,,
,,,,
,,,,
,,,,
,,,,
,,,,
,,,,
,,,,
,,,,
,,,,
,,,,
,,,,
,,,,
,,,,
,,,,
,,,,
,,,,
,,,,
,,,,
,,,,
,,,,
,,,,
,,,,
,,,,
,,,,
,,,,
,,,,
,,,,
,,,,
,,,,
,,,,
,,,,
,,,,
,,,,
,,,,
,,,,
,,,,
,,,,
,,,,
,,,,
,,,,
,,,,
,,,,
,,,,
,,,,
,,,,
,,,,
,,,,
,,,,
,,,,
,,,,
,,,,
,,,,
,,,,
,,,,
,,,,
,,,,
,,,,
,,,,
,,,,
,,,,
,,,,
,,,,
,,,,
,,,,
,,,,
,,,,
,,,,
,,,,
,,,,
,,,,
,,,,
,,,,
,,,,
,,,,
,,,,
,,,,
,,,,
,,,,
,,,,
,,,,
,,,,
,,,,
,,,,
,,,,
,,,,
,,,,
,,,,
,,,,
,,,,
,,,,
,,,,
,,,,
,,,,
,,,,
,,,,
,,,,
,,,,
,,,,
,,,,
,,,,
,,,,
,,,,
,,,,
,,,,
,,,,
,,,,
,,,,
,,,,
,,,,
,,,,
,,,,
,,,,
,,,,
,,,,
,,,,
,,,,
,,,,
,,,,
,,,,
,,,,
,,,,
,,,,
,,,,
,,,,
,,,,
,,,,
,,,,
,,,,
,,,,
,,,,
,,,,
,,,,
,,,,
,,,,
,,,,
,,,,
,,,,
,,,,
,,,,
,,,,
,,,,
,,,,
,,,,
,,,,
,,,,
,,,,
,,,,
,,,,
,,,,
,,,,
,,,,
,,,,
,,,,
,,,,
,,,,
,,,,
,,,,
,,,,
,,,,
,,,,
,,,,
,,,,
,,,,
,,,,
,,,,
,,,,
,,,,
,,,,
,,,,
,,,,
,,,,
,,,,
,,,,
,,,,
,,,,
,,,,
,,,,
,,,,
,,,,
,,,,
,,,,
,,,,
,,,,
,,,,
,,,,
,,,,
,,,,
,,,,
,,,,
,,,,
,,,,
,,,,
,,,,
,,,,
,,,,
,,,,
,,,,
,,,,
,,,,
,,,,
,,,,
,,,,
,,,,
,,,,
,,,,
,,,,
,,,,
,,,,
,,,,
,,,,
,,,,
,,,,
,,,,
,,,,
,,,,
,,,,
,,,,
,,,,
,,,,
,,,,
,,,,
,,,,
,,,,
,,,,
,,,,
,,,,
,,,,
,,,,
,,,,
,,,,
,,,,
,,,,
,,,,
,,,,
,,,,
,,,,
,,,,
,,,,
,,,,
,,,,
,,,,
,,,,
,,,,
,,,,
,,,,
,,,,
,,,,
,,,,
,,,,
,,,,
,,,,
,,,,
,,,,
,,,,
,,,,
,,,,
,,,,
,,,,
,,,,
,,,,
,,,,
,,,,
,,,,
,,,,
,,,,
,,,,
,,,,
,,,,
,,,,
,,,,
,,,,
,,,,
,,,,
,,,,
,,,,
,,,,
,,,,
,,,,
,,,,
,,,,
,,,,
,,,,
,,,,
,,,,
,,,,
,,,,
,,,,
,,,,
,,,,
,,,,
,,,,
,,,,
,,,,
,,,,
,,,,
,,,,
,,,,
,,,,
,,,,
,,,,
,,,,
,,,,
,,,,
,,,,
,,,,
,,,,
,,,,
,,,,
,,,,
,,,,
,,,,
,,,,
,,,,
,,,,
,,,,
,,,,
,,,,
,,,,
,,,,
,,,,
,,,,
,,,,
,,,,
,,,,
,,,,
,,,,
,,,,
,,,,
,,,,
,,,,
,,,,
,,,,
,,,,
,,,,
,,,,
,,,,
,,,,
,,,,
,,,,
,,,,
,,,,
,,,,
,,,,
,,,,
,,,,
,,,,
,,,,
,,,,
,,,,
,,,,
,,,,
,,,,
,,,,
,,,,
,,,,
,,,,
,,,,
,,,,
,,,,
,,,,
,,,,
,,,,
,,,,
,,,,
,,,,
,,,,
,,,,
,,,,
,,,,
,,,,
,,,,
,,,,
,,,,
,,,,
,,,,
,,,,
,,,,
,,,,
,,,,
,,,,
,,,,
,,,,
,,,,
,,,,
,,,,
,,,,
,,,,
,,,,
,,,,
,,,,
,,,,
,,,,
,,,,
,,,,
,,,,
,,,,
,,,,
,,,,
,,,,
,,,,
,,,,
,,,,
,,,,
,,,,
,,,,
,,,,
,,,,
,,,,
,,,,
,,,,
,,,,
,,,,
,,,,
,,,,
,,,,
,,,,
,,,,
,,,,
,,,,
,,,,
,,,,
,,,,
,,,,
,,,,
,,,,
,,,,
,,,,
,,,,
,,,,
,,,,
,,,,
,,,,
,,,,
,,,,
,,,,
,,,,
,,,,
,,,,
,,,,
,,,,
,,,,
,,,,
,,,,
,,,,
,,,,
,,,,
,,,,
,,,,
,,,,
,,,,
,,,,
,,,,
,,,,
,,,,
,,,,
,,,,
,,,,
,,,,
,,,,
,,,,
,,,,
,,,,
,,,,
,,,,
,,,,
,,,,
,,,,
,,,,
,,,,
,,,,
,,,,
,,,,
,,,,
,,,,
,,,,
,,,,
,,,,
,,,,
,,,,
,,,,
,,,,
,,,,
,,,,
,,,,
,,,,
,,,,
,,,,
,,,,
,,,,
,,,,
,,,,
,,,,
,,,,
,,,,
,,,,
,,,,
,,,,
,,,,
,,,,
,,,,
,,,,
,,,,
,,,,
,,,,
,,,,
,,,,
,,,,
,,,,
,,,,
,,,,
,,,,
,,,,
,,,,
,,,,
,,,,
,,,,
,,,,
,,,,
,,,,
,,,,
,,,,
,,,,
,,,,
,,,,
,,,,
,,,,
,,,,
,,,,
,,,,
,,,,
,,,,
,,,,
,,,,
,,,,
,,,,
,,,,
,,,,
,,,,
,,,,
,,,,
,,,,
,,,,
,,,,
,,,,
,,,,
,,,,
,,,,
,,,,
,,,,
,,,,
,,,,
,,,,
,,,,
,,,,
,,,,
,,,,
,,,,
,,,,
,,,,
,,,,
,,,,
,,,,
,,,,
,,,,
,,,,
,,,,
,,,,
,,,,
,,,,
,,,,
,,,,
,,,,
,,,,
,,,,
,,,,
,,,,
,,,,
,,,,
,,,,
,,,,
,,,,
,,,,
,,,,
,,,,
,,,,
,,,,
,,,,
,,,,
,,,,
,,,,
,,,,
,,,,
,,,,
,,,,
,,,,
,,,,
,,,,
,,,,
,,,,
,,,,
,,,,
,,,,
,,,,
,,,,
,,,,
,,,,
,,,,
,,,,
,,,,
,,,,
,,,,
,,,,
,,,,
,,,,
,,,,
,,,,
,,,,
,,,,
,,,,
,,,,
,,,,
,,,,
,,,,
,,,,
,,,,
,,,,
,,,,
,,,,
,,,,
,,,,
,,,,
,,,,
,,,,
,,,,
,,,,
,,,,
,,,,
,,,,
,,,,
,,,,
,,,,
,,,,
,,,,
,,,,
,,,,
,,,,
,,,,
,,,,
,,,,
,,,,
,,,,
,,,,
,,,,
,,,,
,,,,
,,,,
,,,,
,,,,
,,,,
,,,,
,,,,
,,,,
,,,,
,,,,
,,,,
,,,,
,,,,
,,,,
,,,,
,,,,
,,,,
,,,,
,,,,
,,,,
,,,,
,,,,
,,,,
,,,,
,,,,
,,,,
,,,,
,,,,
,,,,
,,,,
,,,,
,,,,
,,,,
,,,,
,,,,
,,,,
,,,,
,,,,
,,,,
,,,,
,,,,
,,,,
,,,,
,,,,
,,,,
,,,,
,,,,
,,,,
,,,,
,,,,
,,,,
,,,,
,,,,
,,,,
,,,,
,,,,
,,,,
,,,,
,,,,
,,,,
,,,,
,,,,
,,,,
,,,,
,,,,
,,,,
,,,,
,,,,
,,,,
,,,,
,,,,
,,,,
,,,,
,,,,
,,,,
,,,,
,,,,
,,,,
,,,,
,,,,
,,,,
,,,,
,,,,
,,,,
,,,,
,,,,
,,,,
,,,,
,,,,
,,,,
,,,,
,,,,
,,,,
,,,,
,,,,
,,,,
,,,,
,,,,
,,,,
,,,,
,,,,
,,,,
,,,,
,,,,
,,,,
,,,,
,,,,
,,,,
,,,,
,,,,
,,,,
,,,,
,,,,
,,,,
,,,,
,,,,
,,,,
,,,,
,,,,
,,,,
,,,,
,,,,
,,,,
,,,,
,,,,
,,,,
,,,,
,,,,
,,,,
,,,,
,,,,
,,,,
,,,,
,,,,
,,,,
,,,,
,,,,
,,,,
,,,,
,,,,
,,,,
,,,,
,,,,
,,,,
,,,,
,,,,
,,,,
,,,,
,,,,
,,,,
,,,,
,,,,
,,,,
,,,,
,,,,
,,,,
,,,,
,,,,
,,,,
,,,,
,,,,
,,,,
,,,,
,,,,
,,,,
,,,,
,,,,
,,,,
,,,,
,,,,
,,,,
,,,,
,,,,
,,,,
,,,,
,,,,
,,,,
,,,,
,,,,
,,,,
,,,,
,,,,
,,,,
,,,,
,,,,
,,,,
,,,,
,,,,
,,,,
,,,,
,,,,
,,,,
,,,,
,,,,
,,,,
,,,,
,,,,
,,,,
,,,,
,,,,
,,,,
,,,,
,,,,
,,,,
,,,,
,,,,
,,,,
,,,,
,,,,
,,,,
,,,,
,,,,
,,,,
,,,,
,,,,
,,,,
,,,,
,,,,
,,,,
,,,,
,,,,
,,,,
,,,,
,,,,
,,,,
,,,,
,,,,
,,,,
,,,,
,,,,
,,,,
,,,,
,,,,
,,,,
,,,,
,,,,
,,,,
,,,,
,,,,
,,,,
,,,,
,,,,
,,,,
,,,,
,,,,
,,,,
,,,,
,,,,
,,,,
,,,,
,,,,
,,,,
,,,,
,,,,
,,,,
,,,,
,,,,
,,,,
,,,,
,,,,
,,,,
,,,,
,,,,
,,,,
,,,,
,,,,
,,,,
,,,,
,,,,
,,,,
,,,,
,,,,
,,,,
,,,,
,,,,
,,,,
,,,,
,,,,
,,,,
,,,,
,,,,
,,,,
,,,,
,,,,
,,,,
,,,,
,,,,
,,,,
,,,,
,,,,
,,,,
,,,,
,,,,
,,,,
,,,,
,,,,
,,,,
,,,,
,,,,
,,,,
,,,,
,,,,
,,,,
,,,,
,,,,
,,,,
,,,,
,,,,
,,,,
,,,,
,,,,
,,,,
,,,,
,,,,
,,,,
,,,,
,,,,
,,,,
,,,,
,,,,
,,,,
,,,,
,,,,
,,,,
,,,,
,,,,
,,,,
,,,,
,,,,
,,,,
,,,,
,,,,
,,,,
,,,,
,,,,
,,,,
,,,,
,,,,
,,,,
,,,,
,,,,
,,,,
,,,,
,,,,
,,,,
,,,,
,,,,
,,,,
,,,,
,,,,
,,,,
,,,,
,,,,
,,,,
,,,,
,,,,
,,,,
,,,,
,,,,
,,,,
,,,,
,,,,
,,,,
,,,,
,,,,
,,,,
,,,,
,,,,
,,,,
,,,,
,,,,
,,,,
,,,,
,,,,
,,,,
,,,,
,,,,
,,,,
,,,,
,,,,
,,,,
,,,,
,,,,
,,,,
,,,,
,,,,
,,,,
,,,,
,,,,
,,,,
,,,,
,,,,
,,,,
,,,,
,,,,
,,,,
,,,,
,,,,
,,,,
,,,,
,,,,
,,,,
,,,,
,,,,
,,,,
,,,,
,,,,
,,,,
,,,,
,,,,
,,,,
,,,,
,,,,
,,,,
,,,,
,,,,
,,,,
,,,,
,,,,
,,,,
,,,,
,,,,
,,,,
,,,,
,,,,
,,,,
,,,,
,,,,
,,,,
,,,,
,,,,
,,,,
,,,,
,,,,
,,,,
,,,,
,,,,
,,,,
,,,,
,,,,
,,,,
,,,,
,,,,
,,,,
,,,,
,,,,
,,,,
,,,,
,,,,
,,,,
,,,,
,,,,
,,,,
,,,,
,,,,
,,,,
,,,,
,,,,
,,,,
,,,,
,,,,
,,,,
,,,,
,,,,
,,,,
,,,,
,,,,
,,,,
,,,,
,,,,
,,,,
,,,,
,,,,
,,,,
,,,,
,,,,
,,,,
,,,,
,,,,
,,,,
,,,,
,,,,
,,,,
,,,,
,,,,
,,,,
,,,,
,,,,
,,,,
,,,,
,,,,
,,,,
,,,,
,,,,
,,,,
,,,,
,,,,
,,,,
,,,,
,,,,
,,,,
,,,,
,,,,
,,,,
,,,,
,,,,
,,,,
,,,,
,,,,
,,,,
,,,,
,,,,
,,,,
,,,,
,,,,
,,,,
,,,,
,,,,
,,,,
,,,,
,,,,
,,,,
,,,,
,,,,
,,,,
,,,,
,,,,
,,,,
,,,,
,,,,
,,,,
,,,,
,,,,
,,,,
,,,,
,,,,
,,,,
,,,,
,,,,
,,,,
,,,,
,,,,
,,,,
,,,,
,,,,
,,,,
,,,,
,,,,
,,,,
,,,,
,,,,
,,,,
,,,,
,,,,
,,,,
,,,,
,,,,
,,,,
,,,,
,,,,
,,,,
,,,,
,,,,
,,,,
,,,,
,,,,
,,,,
,,,,
,,,,
,,,,
,,,,
,,,,
,,,,
,,,,
,,,,
,,,,
,,,,
,,,,
,,,,
,,,,
,,,,
,,,,
,,,,
,,,,
,,,,
,,,,
,,,,
,,,,
,,,,
,,,,
,,,,
,,,,
,,,,
,,,,
,,,,
,,,,
,,,,
,,,,
,,,,
,,,,
,,,,
,,,,
,,,,
,,,,
,,,,
,,,,
,,,,
,,,,
,,,,
,,,,
,,,,
,,,,
,,,,
,,,,
,,,,
,,,,
,,,,
,,,,
,,,,
,,,,
,,,,
,,,,
,,,,
,,,,
,,,,
,,,,
,,,,
,,,,
,,,,
,,,,
,,,,
,,,,
,,,,
,,,,
,,,,
,,,,
,,,,
,,,,
,,,,
,,,,
,,,,
,,,,
,,,,
,,,,
,,,,
,,,,
,,,,
,,,,
,,,,
,,,,
,,,,
,,,,
,,,,
,,,,
,,,,
,,,,
,,,,
,,,,
,,,,
,,,,
,,,,
,,,,
,,,,
,,,,
,,,,
,,,,
,,,,
,,,,
,,,,
,,,,
,,,,
,,,,
,,,,
,,,,
,,,,
,,,,
,,,,
,,,,
,,,,
,,,,
,,,,
,,,,
,,,,
,,,,
,,,,
,,,,
,,,,
,,,,
,,,,
,,,,
,,,,
,,,,
,,,,
,,,,
,,,,
,,,,
,,,,
,,,,
,,,,
,,,,
,,,,
,,,,
,,,,
,,,,
,,,,
,,,,
,,,,
,,,,
,,,,
,,,,
,,,,
,,,,
,,,,
,,,,
,,,,
,,,,
,,,,
,,,,
,,,,
,,,,
,,,,
,,,,
,,,,
,,,,
,,,,
,,,,
,,,,
,,,,
,,,,
,,,,
,,,,
,,,,
,,,,
,,,,
,,,,
,,,,
,,,,
,,,,
,,,,
,,,,
,,,,
,,,,
,,,,
,,,,
,,,,
,,,,
,,,,
,,,,
,,,,
,,,,
,,,,
,,,,
,,,,
,,,,
,,,,
,,,,
,,,,
,,,,
,,,,
,,,,
,,,,
,,,,
,,,,
,,,,
,,,,
,,,,
,,,,
,,,,
,,,,
,,,,
,,,,
,,,,
,,,,
,,,,
,,,,
,,,,
,,,,
,,,,
,,,,
,,,,
,,,,
,,,,
,,,,
,,,,
,,,,
,,,,
,,,,
,,,,
,,,,
,,,,
,,,,
,,,,
,,,,
,,,,
,,,,
,,,,
,,,,
,,,,
,,,,
,,,,
,,,,
,,,,
,,,,
,,,,
,,,,
,,,,
,,,,
,,,,
,,,,
,,,,
,,,,
,,,,
,,,,
,,,,
,,,,
,,,,
,,,,
,,,,
,,,,
,,,,
,,,,
,,,,
,,,,
,,,,
,,,,
,,,,
,,,,
,,,,
,,,,
,,,,
,,,,
,,,,
,,,,
,,,,
,,,,
,,,,
,,,,
,,,,
,,,,
,,,,
,,,,
,,,,
,,,,
,,,,
,,,,
,,,,
,,,,
,,,,
,,,,
,,,,
,,,,
,,,,
,,,,
,,,,
,,,,
,,,,
,,,,
,,,,
,,,,
,,,,
,,,,
,,,,
,,,,
,,,,
,,,,
,,,,
,,,,
,,,,
,,,,
,,,,
,,,,
,,,,
,,,,
,,,,
,,,,
,,,,
,,,,
,,,,
,,,,
,,,,
,,,,
,,,,
,,,,
,,,,
,,,,
,,,,
,,,,
,,,,
,,,,
,,,,
,,,,
,,,,
,,,,
,,,,
,,,,
,,,,
,,,,
,,,,
,,,,
,,,,
,,,,
,,,,
,,,,
,,,,
,,,,
,,,,
,,,,
,,,,
,,,,
,,,,
,,,,
,,,,
,,,,
,,,,
,,,,
,,,,
,,,,
,,,,
,,,,
,,,,
,,,,
,,,,
,,,,
,,,,
,,,,
,,,,
,,,,
,,,,
,,,,
,,,,
,,,,
,,,,
,,,,
,,,,
,,,,
,,,,
,,,,
,,,,
,,,,
,,,,
,,,,
,,,,
,,,,
,,,,
,,,,
,,,,
,,,,
,,,,
,,,,
,,,,
,,,,
,,,,
,,,,
,,,,
,,,,
,,,,
,,,,
,,,,
,,,,
,,,,
,,,,
,,,,
,,,,
,,,,
,,,,
,,,,
,,,,
,,,,
,,,,
,,,,
,,,,
,,,,
,,,,
,,,,
,,,,
,,,,
,,,,
,,,,
,,,,
,,,,
,,,,
,,,,
,,,,
,,,,
,,,,
,,,,
,,,,
,,,,
,,,,
,,,,
,,,,
,,,,
,,,,
,,,,
,,,,
,,,,
,,,,
,,,,
,,,,
,,,,
,,,,
,,,,
,,,,
,,,,
,,,,
,,,,
,,,,
,,,,
,,,,
,,,,
,,,,
,,,,
,,,,
,,,,
,,,,
,,,,
,,,,
,,,,
,,,,
,,,,
,,,,
,,,,
,,,,
,,,,
,,,,
,,,,
,,,,
,,,,
,,,,
,,,,
,,,,
,,,,
,,,,
,,,,
,,,,
,,,,
,,,,
,,,,
,,,,
,,,,
,,,,
,,,,
,,,,
,,,,
,,,,
,,,,
,,,,
,,,,
,,,,
,,,,
,,,,
,,,,
,,,,
,,,,
,,,,
,,,,
,,,,
,,,,
,,,,
,,,,
,,,,
,,,,
,,,,
,,,,
,,,,
,,,,
,,,,
,,,,
,,,,
,,,,
,,,,
,,,,
,,,,
,,,,
,,,,
,,,,
,,,,
,,,,
,,,,
,,,,
,,,,
,,,,
,,,,
,,,,
,,,,
,,,,
,,,,
,,,,
,,,,
,,,,
,,,,
,,,,
,,,,
,,,,
,,,,
,,,,
,,,,
,,,,
,,,,
,,,,
,,,,
,,,,
,,,,
,,,,
,,,,
,,,,
,,,,
,,,,
,,,,
,,,,
,,,,
,,,,
,,,,
,,,,
,,,,
,,,,
,,,,
,,,,
,,,,
,,,,
,,,,
,,,,
,,,,
,,,,
,,,,
,,,,
,,,,
,,,,
,,,,
,,,,
,,,,
,,,,
,,,,
,,,,
,,,,
,,,,
,,,,
,,,,
,,,,
,,,,
,,,,
,,,,
,,,,
,,,,
,,,,
,,,,
,,,,
,,,,
,,,,
,,,,
,,,,
,,,,
,,,,
,,,,
,,,,
,,,,
,,,,
,,,,
,,,,
,,,,
,,,,
,,,,
,,,,
,,,,
,,,,
,,,,
,,,,
,,,,
,,,,
,,,,
,,,,
,,,,
,,,,
,,,,
,,,,
,,,,
,,,,
,,,,
,,,,
,,,,
,,,,
,,,,
,,,,
,,,,
,,,,
,,,,
,,,,
,,,,
,,,,
,,,,
,,,,
,,,,
,,,,
,,,,
,,,,
,,,,
,,,,
,,,,
,,,,
,,,,
,,,,
,,,,
,,,,
,,,,
,,,,
,,,,
,,,,
,,,,
,,,,
,,,,
,,,,
,,,,
,,,,
,,,,
,,,,
,,,,
,,,,
,,,,
,,,,
,,,,
,,,,
,,,,
,,,,
,,,,
,,,,
,,,,
,,,,
,,,,
,,,,
,,,,
,,,,
,,,,
,,,,
,,,,
,,,,
,,,,
,,,,
,,,,
,,,,
,,,,
,,,,
,,,,
,,,,
,,,,
,,,,
,,,,
,,,,
,,,,
,,,,
,,,,
,,,,
,,,,
,,,,
,,,,
,,,,
,,,,
,,,,
,,,,
,,,,
,,,,
,,,,
,,,,
,,,,
,,,,
,,,,
,,,,
,,,,
,,,,
,,,,
,,,,
,,,,
,,,,
,,,,
,,,,
,,,,
,,,,
,,,,
,,,,
,,,,
,,,,
,,,,
,,,,
,,,,
,,,,
,,,,
,,,,
,,,,
,,,,
,,,,
,,,,
,,,,
,,,,
,,,,
,,,,
,,,,
,,,,
,,,,
,,,,
,,,,
,,,,
,,,,
,,,,
,,,,
,,,,
,,,,
,,,,
,,,,
,,,,
,,,,
,,,,
,,,,
,,,,
,,,,
,,,,
,,,,
,,,,
,,,,
,,,,
,,,,
,,,,
,,,,
,,,,
,,,,
,,,,
,,,,
,,,,
,,,,
,,,,
,,,,
,,,,
,,,,
,,,,
,,,,
,,,,
,,,,
,,,,
,,,,
,,,,
,,,,
,,,,
,,,,
,,,,
,,,,
,,,,
,,,,
,,,,
,,,,
,,,,
,,,,
,,,,
,,,,
,,,,
,,,,
,,,,
,,,,
,,,,
,,,,
,,,,
,,,,
,,,,
,,,,
,,,,
,,,,
,,,,
,,,,
,,,,
,,,,
,,,,
,,,,
,,,,
,,,,
,,,,
,,,,
,,,,
,,,,
,,,,
,,,,
,,,,
,,,,
,,,,
,,,,
,,,,
,,,,
,,,,
,,,,
,,,,
,,,,
,,,,
,,,,
,,,,
,,,,
,,,,
,,,,
,,,,
,,,,
,,,,
,,,,
,,,,
,,,,
,,,,
,,,,
,,,,
,,,,
,,,,
,,,,
,,,,
,,,,
,,,,
,,,,
,,,,
,,,,
,,,,
,,,,
,,,,
,,,,
,,,,
,,,,
,,,,
,,,,
,,,,
,,,,
,,,,
,,,,
,,,,
,,,,
,,,,
,,,,
,,,,
,,,,
,,,,
,,,,
,,,,
,,,,
,,,,
,,,,
,,,,
,,,,
,,,,
,,,,
,,,,
,,,,
,,,,
,,,,
,,,,
,,,,
,,,,
,,,,
,,,,
,,,,
,,,,
,,,,
,,,,
,,,,
,,,,
,,,,
,,,,
,,,,
,,,,
,,,,
,,,,
,,,,
,,,,
,,,,
,,,,
,,,,
,,,,
,,,,
,,,,
,,,,
,,,,
,,,,
,,,,
,,,,
,,,,
,,,,
,,,,
,,,,
,,,,
,,,,
,,,,
,,,,
,,,,
,,,,
,,,,
,,,,
,,,,
,,,,
,,,,
,,,,
,,,,
,,,,
,,,,
,,,,
,,,,
,,,,
,,,,
,,,,
,,,,
,,,,
,,,,
,,,,
,,,,
,,,,
,,,,
,,,,
,,,,
,,,,
,,,,
,,,,
,,,,
,,,,
,,,,
,,,,
,,,,
,,,,
,,,,
,,,,
,,,,
,,,,
,,,,
,,,,
,,,,
,,,,
,,,,
,,,,
,,,,
,,,,
,,,,
,,,,
,,,,
,,,,
,,,,
,,,,
,,,,
,,,,
,,,,
,,,,
,,,,
,,,,
,,,,
,,,,
,,,,
,,,,
,,,,
,,,,
,,,,
,,,,
,,,,
,,,,
,,,,
,,,,
,,,,
,,,,
,,,,
,,,,
,,,,
,,,,
,,,,
,,,,
,,,,
,,,,
,,,,
,,,,
,,,,
,,,,
,,,,
,,,,
,,,,
,,,,
,,,,
,,,,
,,,,
,,,,
,,,,
,,,,
,,,,
,,,,
,,,,
,,,,
,,,,
,,,,
,,,,
,,,,
,,,,
,,,,
,,,,
,,,,
,,,,
,,,,
,,,,
,,,,
,,,,
,,,,
,,,,
,,,,
,,,,
,,,,
,,,,
,,,,
,,,,
,,,,
,,,,
,,,,
,,,,
,,,,
,,,,
,,,,
,,,,
,,,,
,,,,
,,,,
,,,,
,,,,
,,,,
,,,,
,,,,
,,,,
,,,,
,,,,
,,,,
,,,,
,,,,
,,,,
,,,,
,,,,
,,,,
,,,,
,,,,
,,,,
,,,,
,,,,
,,,,
,,,,
,,,,
,,,,
,,,,
,,,,
,,,,
,,,,
,,,,
,,,,
,,,,
,,,,
,,,,
,,,,
,,,,
,,,,
,,,,
,,,,
,,,,
,,,,
,,,,
,,,,
,,,,
,,,,
,,,,
,,,,
,,,,
,,,,
,,,,
,,,,
,,,,
,,,,
,,,,
,,,,
,,,,
,,,,
,,,,
,,,,
,,,,
,,,,
,,,,
,,,,
,,,,
,,,,
,,,,
,,,,
,,,,
,,,,
,,,,
,,,,
,,,,
,,,,
,,,,
,,,,
,,,,
,,,,
,,,,
,,,,
,,,,
,,,,
,,,,
,,,,
,,,,
,,,,
,,,,
,,,,
,,,,
,,,,
,,,,
,,,,
,,,,
,,,,
,,,,
,,,,
,,,,
,,,,
,,,,
,,,,
,,,,
,,,,
,,,,
,,,,
,,,,
,,,,
,,,,
,,,,
,,,,
,,,,
,,,,
,,,,
,,,,
,,,,
,,,,
,,,,
,,,,
,,,,
,,,,
,,,,
,,,,
,,,,
,,,,
,,,,
,,,,
,,,,
,,,,
,,,,
,,,,
,,,,
,,,,
,,,,
,,,,
,,,,
,,,,
,,,,
,,,,
,,,,
,,,,
,,,,
,,,,
,,,,
,,,,
,,,,
,,,,
,,,,
,,,,
,,,,
,,,,
,,,,
,,,,
,,,,
,,,,
,,,,
,,,,
,,,,
,,,,
,,,,
,,,,
,,,,
,,,,
,,,,
,,,,
,,,,
,,,,
,,,,
,,,,
,,,,
,,,,
,,,,
,,,,
,,,,
,,,,
,,,,
,,,,
,,,,
,,,,
,,,,
,,,,
,,,,
,,,,
,,,,
,,,,
,,,,
,,,,
,,,,
,,,,
,,,,
,,,,
,,,,
,,,,
,,,,
,,,,
,,,,
,,,,
,,,,
,,,,
,,,,
,,,,
,,,,
,,,,
,,,,
,,,,
,,,,
,,,,
,,,,
,,,,
,,,,
,,,,
,,,,
,,,,
