Month,Nama Barang,AVG PICK UP,AVG PEMBELIAN,AVG SALDO AKHIR,Kategori
January,AKRILIC PRINTER,46.0,130.0,236,
January,ALAT PEL,50.0,5.0,42,
January,ALAT PEMADAM KEBAKARAN ( APAR ),8.0,34.0,28,
January,AMBRO FLATWARE BASKET,7.0,25.0,47,
January,APAR POWDER 3KG,8.0,19.0,17,
January,APAR TIPE K 6KG,4.0,4.0,3,
January,ASBAK,191.0,,387,
January,BABY CHAIR,12.0,28.0,15,
January,BAK THAWING BULAT 80 L,5.0,,24,
January,BALON WHISK,15.0,40.0,64,
January,BASKOM KOTAK BESAR,146.0,192.0,417,
January,BASKOM STAINLESS 12 CM,35.0,,84,
January,BASKOM STAINLESS 18 CM,57.0,,95,
January,BASKOM STAINLESS UK 14 CM,6.0,,49,
January,BASKOM STAINLESS UK 26 CM,20.0,4.0,26,
January,BILL HOLDER,33.0,,115,
January,BOTOL DIPPING BESAR,43.0,,260,
January,BOTOL KECAP KECIL,127.0,,217,
January,BOTOL SPRAY,185.0,140.0,332,
January,BURNER GS UK 9 NP,,,66,MAINTENANCE
January,CADDY BAG,42.0,50.0,32,
January,CAPIT SNACK ( BESAR ),59.0,,70,
January,CASH BOX,4.0,,33,
January,CETING TRADISI ( BESAR ),96.0,,103,
January,CETING TRADISI ( KECIL ),27.0,300.0,657,
January,COOL BOX 55LTR,9.0,10.0,11,
January,DIGITAL CALIPER,7.0,29.0,22,
January,DISPENSER,22.0,40.0,64,
January,DISPENSER SABUN KRISBOW,10.0,12.0,2,
January,DITEKTOR UANG PALSU,20.0,60.0,93,
January,DUST BIN KUNING 240 LTR (TEMPAT SAMPAH),31.0,67.0,36,
January,DUSTBIN STAINLESS BULAT,7.0,25.0,22,
January,EMBER,13.0,30.0,84,
January,EMBER 6 GL,8.0,,36,
January,EROS MELAMINE UK BESAR,31.0,,57,
January,EROS STAINLESS UK 30 CC,26.0,,309,
January,EROS STAINLESS UK 60 CC,20.0,,364,
January,EROS STAINLESS UK 90 CC,23.0,,369,
January,EROS STAINLESS UK BESAR,8.0,,52,
January,FILLING KABINET,4.0,,22,
January,FOOD PAN KECIL,31.0,,36,
January,GARPU ADUKAN MIE,128.0,,84,
January,GARPU MAKAN,24.0,,420,
January,GAS BURNER ( LONG SHUN ),16.0,,22,MAINTENANCE
January,GAS KNOP DIA 8 MM W,,,87,MAINTENANCE
January,GAS KNOP F/JP SERIES,,20.0,60,MAINTENANCE
January,GAS VALVE HIGH PREASURE (CONTROL SE),,,,MAINTENANCE
January,GAS VALVE HP DOUBLE TURBO,1.0,,20,MAINTENANCE
January,GELAS KARYAWAN,1069.0,,405,
January,GELAS MINUMAN HANGAT,421.0,480.0,402,
January,GELAS TEA,6150.0,5600.0,19093,
January,GELAS UKUR 130 ML,61.0,80.0,118,
January,GOLOK,63.0,50.0,134,
January,HAND DRAYER,6.0,15.0,36,
January,HARD COVER HIMBAUAN,24.0,90.0,317,
January,HARD COVER MENU DIMSUM,123.0,,562,
January,JIGGER UK 20/30,25.0,40.0,87,
January,JIGGER UK 20/40,35.0,50.0,84,
January,JIGGER UK 30/40,28.0,30.0,76,
January,KESET KOTAK KARET LUBANG,35.0,,5,
January,KLAKAT DIMSUM,6747.0,17000.0,5142,
January,KLAKAT PREMIUM,,,650,
January,KNOP BOILER/WATER TAP HEAD,,,71,MAINTENANCE
January,KNOP F/GAS COOK DIAL,,,41,MAINTENANCE
January,KONTAINER PERFORATED,20.0,105.0,41,
January,KONTAINER SOLID,12.0,2620.0,144,
January,LADIES STICKER,10.0,10.0,81,
January,LEFT WATER TAP-RIGHT 02303964 (PD.2458E2,,,71,MAINTENANCE
January,LOCKER SET,49.0,,110,
January,LOGGER,101.0,80.0,46,
January,MAGNET D 22 W/TREADED BOLT (SP),,,6,MAINTENANCE
January,MESIN CUP SEALER,7.0,62.0,141,
January,MOB BUCKET (ALAT PEL SET),10.0,25.0,67,
January,MUKENA,12.0,60.0,60,
January,NAMPAN KARET BULAT,45.0,,157,
January,NAMPAN KARET KOTAK (DIMSUM),280.0,180.0,865,
January,NAMPAN KAYU KOTAK,78.0,,200,
January,PALLET BIRU (DRY),80.0,80.0,,
January,PALLET HIJAU (FROZEN),48.0,20.0,71,
January,PANCI DANDANG DIMSUM UK 36,50.0,10.0,25,
January,PANCI ENDAPAN MINYAK UK 40,26.0,5.0,20,
January,PANCI KUKUS TAHU UK 36,,,37,
January,PANCI MIE,1228.0,700.0,504,
January,PANCI ORCHID UK 28,6.0,,16,
January,PANCI ORCHID UK 32 CM,17.0,76.0,94,
January,PANCI ORCHID UK 36,39.0,110.0,97,
January,PAPAN AWAS LANTAI LICIN,10.0,,62,
January,PAPAN TULIS,10.0,30.0,47,
January,PEMATIK KOMPOR,21.0,150.0,141,MAINTENANCE
January,PEMBATAS ANTRIAN,28.0,,30,
January,PEMUKUL DAGING,23.0,130.0,179,
January,PIEZO IGNITER UK 18.MM,,20.0,131,MAINTENANCE
January,PILOT 250 MM (KOMPOR HIGH PREASURE),10.0,,14,MAINTENANCE
January,PILOT BURNER F/BUNSEN,,,111,MAINTENANCE
January,PILOT SW 9000 (SP),,,2,MAINTENANCE
January,PIRING HAWAI BLACK,2116.0,13532.0,16639,
January,PISAU BUAH BESAR,73.0,,140,
January,PISAU BUAH KECIL,70.0,,306,
January,PISAU GILING DAGING,43.0,,242,
January,PRAXIS KEEPER UK 900ML,62.0,,232,
January,PUMP DISPENSER,7.0,54.0,47,
January,RAK GALON OJOL,,,45,
January,RAK KONTAINER KECIL,26.0,,22,
January,RAK MUKENA,4.0,15.0,15,
January,RAK PENITIPAN BARANG CUSTOMER,7.0,29.0,22,
January,RAK SEPATU KARYAWAN,8.0,,48,
January,REGULATOR,85.0,,97,MAINTENANCE
January,SAFETY GAS COOK (GASVALVE GS3878)8325183,,,113,MAINTENANCE
January,SAFETY GAS VALVE WITH INLET BRACKET&SREW,,,,MAINTENANCE
January,SAJADAH,21.0,75.0,66,
January,SARINGAN MIE,1003.0,1600.0,1467,
January,SARINGAN MINYAK,100.0,,102,
January,SARINGAN TEH GACOAN,74.0,115.0,241,
January,SARUNG,21.0,70.0,61,
January,SCALE OFF (PEMBERSIH TANGKI BOILER),153.0,116.0,128,
January,SEAL PACK 3.5 LTR/3500 ML,397.0,192.0,294,
January,SEAL PACK DIMSUM,393.0,264.0,245,
January,SEAL PACK POWDER,112.0,72.0,262,
January,SENDOK ES STAINLESS,84.0,,201,
January,SENDOK MAKAN STAINLESS,24.0,,504,
January,SENDOK TAKAR 12 GRM,19.0,,206,
January,SENDOK TAKAR PLASTIK,78.0,,178,
January,SENDOK TAKAR STAINLESS,134.0,200.0,494,
January,SEROK BESAR KAWAT,58.0,50.0,26,
January,SEROK ICE,63.0,12.0,265,
January,SHAKER 750,69.0,115.0,341,
January,SPATULA MIE IBLIS ( SODET COKLAT ),71.0,60.0,182,
January,SPATULA STAINLESS,178.0,200.0,310,
January,STEMPEL,55.0,,145,
January,STICK PENGGANTI LAMPU,7.0,25.0,22,
January,STIK DRUM,206.0,180.0,109,
January,STRAINER BOWL STAINLESS LUBANG BASKOM KECIL,140.0,500.0,440,
January,SUTIL,34.0,30.0,42,
January,TALENAN PLASTIK,35.0,12.0,29,
January,TANGGA 3 METER,4.0,25.0,21,
January,TANGKI BOILER,,,,MAINTENANCE
January,TEKO BESAR ( BIANG TEH ),31.0,,50,
January,TEMPAT SAMPAH 80 L (TERTUTUP & INJAK),15.0,,137,
January,TEMPAT SAMPAH ABU-ABU 20 LTR,177.0,300.0,132,
January,TEMPAT SAMPAH BESAR UK 80 LTR,24.0,20.0,37,
January,TEMPAT SAMPAH KECIL UK 10 LTR,74.0,120.0,87,
January,TEMPAT SENDOK,2.0,,43,
January,TEMPAT SENDOK FELICIA JUMBO,21.0,87.0,66,
January,TEMPAT TIMER,32.0,55.0,23,
January,TERMOGUN,29.0,45.0,86,
January,TERMOMETER,55.0,73.0,92,
January,TERMOS AIR,18.0,,49,
January,THERMOCOUPLE,,10.0,106,MAINTENANCE
January,"THERMOCOUPLE 2C 24"" GS 2185 (GRIDLE)",,,,MAINTENANCE
January,TIMBANGAN 100 KG,16.0,25.0,17,
January,TIMBANGAN DIGITAL FORTUNO 30 KG,38.0,120.0,69,
January,TIMBANGAN DIGITAL KECIL,7.0,25.0,22,
January,TIMER DIGITAL,598.0,10.0,169,
January,TOOL BOX,14.0,20.0,24,
January,TOPLES UK 18 LTR,439.0,480.0,271,
January,TOPLES UK 4 LTR,119.0,72.0,264,
January,TOPLES UK 9 LTR,218.0,72.0,250,
January,TOWEL,5732.0,7880.0,9855,
January,TROLLI CLEAR UP,29.0,115.0,144,
January,TROLLI LOADING,11.0,10.0,16,
January,WAJAN BESI UK 50',27.0,35.0,34,
January,WAJAN BESI UK 70',20.0,35.0,60,
February,AKRILIC PRINTER,53.0,1.0,183,
February,ALAT PEL,42.0,101.0,119,
February,ALAT PEMADAM KEBAKARAN ( APAR ),7.0,10.0,6,
February,AMBRO FLATWARE BASKET,7.0,,40,
February,APAR POWDER 3KG,14.0,12.0,4,
February,APAR TIPE K 6KG,7.0,6.0,2,
February,ASBAK,276.0,456.0,392,
February,BABY CHAIR,14.0,26.0,27,
February,BAK THAWING BULAT 80 L,9.0,25.0,40,
February,BALON WHISK,19.0,15.0,60,
February,BASKOM KOTAK BESAR,251.0,240.0,305,
February,BASKOM STAINLESS 12 CM,44.0,85.0,125,
February,BASKOM STAINLESS 18 CM,90.0,60.0,105,
February,BASKOM STAINLESS UK 14 CM,23.0,15.0,41,
February,BASKOM STAINLESS UK 26 CM,26.0,20.0,24,
February,BILL HOLDER,57.0,100.0,158,
February,BOTOL DIPPING BESAR,93.0,,172,
February,BOTOL KECAP KECIL,206.0,432.0,335,
February,BOTOL SPRAY,220.0,210.0,322,
February,BURNER GS UK 9 NP,,,66,MAINTENANCE
February,CADDY BAG,42.0,50.0,40,
February,CAPIT SNACK ( BESAR ),58.0,,32,
February,CASH BOX,7.0,,26,
February,CETING TRADISI ( BESAR ),129.0,276.0,240,
February,CETING TRADISI ( KECIL ),30.0,,627,
February,COOL BOX 55LTR,10.0,10.0,11,
February,DIGITAL CALIPER,7.0,,15,
February,DISPENSER,24.0,50.0,89,
February,DISPENSER SABUN KRISBOW,28.0,50.0,24,
February,DITEKTOR UANG PALSU,26.0,,67,
February,DUST BIN KUNING 240 LTR (TEMPAT SAMPAH),26.0,35.0,43,
February,DUSTBIN STAINLESS BULAT,7.0,,15,
February,EMBER,12.0,40.0,112,
February,EMBER 6 GL,27.0,46.0,51,
February,EROS MELAMINE UK BESAR,19.0,40.0,79,
February,EROS STAINLESS UK 30 CC,43.0,110.0,376,
February,EROS STAINLESS UK 60 CC,34.0,,330,
February,EROS STAINLESS UK 90 CC,36.0,,333,
February,EROS STAINLESS UK BESAR,12.0,22.0,62,
February,FILLING KABINET,8.0,1.0,14,
February,FOOD PAN KECIL,40.0,50.0,36,
February,GARPU ADUKAN MIE,124.0,60.0,20,
February,GARPU MAKAN,12.0,,528,
February,GAS BURNER ( LONG SHUN ),17.0,12.0,17,MAINTENANCE
February,GAS KNOP DIA 8 MM W,,,87,MAINTENANCE
February,GAS KNOP F/JP SERIES,,,60,MAINTENANCE
February,GAS VALVE HIGH PREASURE (CONTROL SE),,5.0,5,MAINTENANCE
February,GAS VALVE HP DOUBLE TURBO,18.0,20.0,22,MAINTENANCE
February,GELAS KARYAWAN,987.0,1920.0,1332,
February,GELAS MINUMAN HANGAT,277.0,1320.0,1445,
February,GELAS TEA,7465.0,12900.0,24728,
February,GELAS UKUR 130 ML,57.0,70.0,131,
February,GOLOK,55.0,64.0,93,
February,HAND DRAYER,9.0,25.0,52,
February,HARD COVER HIMBAUAN,40.0,,277,
February,HARD COVER MENU DIMSUM,121.0,,741,
February,JIGGER UK 20/30,34.0,30.0,84,
February,JIGGER UK 20/40,24.0,40.0,100,
February,JIGGER UK 30/40,34.0,45.0,87,
February,KESET KOTAK KARET LUBANG,52.0,50.0,3,
February,KLAKAT DIMSUM,6155.0,,2362,
February,KLAKAT PREMIUM,500.0,,150,
February,KNOP BOILER/WATER TAP HEAD,,,71,MAINTENANCE
February,KNOP F/GAS COOK DIAL,,,41,MAINTENANCE
February,KONTAINER PERFORATED,35.0,70.0,68,
February,KONTAINER SOLID,21.0,15.0,23,
February,LADIES STICKER,22.0,,59,
February,LEFT WATER TAP-RIGHT 02303964 (PD.2458E2,,,71,MAINTENANCE
February,LOCKER SET,68.0,222.0,264,
February,LOGGER,200.0,200.0,144,
February,MAGNET D 22 W/TREADED BOLT (SP),,,6,MAINTENANCE
February,MESIN CUP SEALER,12.0,,130,
February,MOB BUCKET (ALAT PEL SET),10.0,,57,
February,MUKENA,30.0,,30,
February,NAMPAN KARET BULAT,35.0,,122,
February,NAMPAN KARET KOTAK (DIMSUM),280.0,,585,
February,NAMPAN KAYU KOTAK,129.0,,71,
February,PALLET BIRU (DRY),94.0,118.0,24,
February,PALLET HIJAU (FROZEN),71.0,45.0,45,
February,PANCI DANDANG DIMSUM UK 36,64.0,90.0,51,
February,PANCI ENDAPAN MINYAK UK 40,33.0,32.0,14,
February,PANCI KUKUS TAHU UK 36,1.0,,36,
February,PANCI MIE,1921.0,1800.0,1301,
February,PANCI ORCHID UK 28,8.0,,8,
February,PANCI ORCHID UK 32 CM,26.0,,68,
February,PANCI ORCHID UK 36,50.0,18.0,65,
February,PAPAN AWAS LANTAI LICIN,14.0,,48,
February,PAPAN TULIS,18.0,15.0,44,
February,PEMATIK KOMPOR,21.0,,120,MAINTENANCE
February,PEMBATAS ANTRIAN,40.0,40.0,30,
February,PEMUKUL DAGING,31.0,25.0,171,
February,PIEZO IGNITER UK 18.MM,,,131,MAINTENANCE
February,PILOT 250 MM (KOMPOR HIGH PREASURE),11.0,20.0,23,MAINTENANCE
February,PILOT BURNER F/BUNSEN,,,111,MAINTENANCE
February,PILOT SW 9000 (SP),,,2,MAINTENANCE
February,PIRING HAWAI BLACK,3087.0,4350.0,17950,
February,PISAU BUAH BESAR,100.0,100.0,140,
February,PISAU BUAH KECIL,102.0,,207,
February,PISAU GILING DAGING,64.0,,245,
February,PRAXIS KEEPER UK 900ML,55.0,,177,
February,PUMP DISPENSER,7.0,,40,
February,RAK GALON OJOL,5.0,,40,
February,RAK KONTAINER KECIL,19.0,48.0,51,
February,RAK MUKENA,10.0,35.0,40,
February,RAK PENITIPAN BARANG CUSTOMER,7.0,,15,
February,RAK SEPATU KARYAWAN,7.0,36.0,65,
February,REGULATOR,61.0,20.0,56,MAINTENANCE
February,SAFETY GAS COOK (GASVALVE GS3878)8325183,,,113,MAINTENANCE
February,SAFETY GAS VALVE WITH INLET BRACKET&SREW,,,,MAINTENANCE
February,SAJADAH,21.0,,45,
February,SARINGAN MIE,1226.0,1000.0,1251,
February,SARINGAN MINYAK,81.0,176.0,197,
February,SARINGAN TEH GACOAN,56.0,180.0,365,
February,SARUNG,21.0,5.0,45,
February,SCALE OFF (PEMBERSIH TANGKI BOILER),84.0,200.0,244,
February,SEAL PACK 3.5 LTR/3500 ML,382.0,480.0,336,
February,SEAL PACK DIMSUM,515.0,828.0,378,
February,SEAL PACK POWDER,122.0,216.0,284,
February,SENDOK ES STAINLESS,141.0,180.0,120,
February,SENDOK MAKAN STAINLESS,,,612,
February,SENDOK TAKAR 12 GRM,178.0,,26,
February,SENDOK TAKAR PLASTIK,156.0,90.0,112,
February,SENDOK TAKAR STAINLESS,162.0,,332,
February,SEROK BESAR KAWAT,73.0,80.0,37,
February,SEROK ICE,72.0,310.0,430,
February,SHAKER 750,90.0,,251,
February,SPATULA MIE IBLIS ( SODET COKLAT ),74.0,340.0,448,
February,SPATULA STAINLESS,212.0,200.0,289,
February,STEMPEL,64.0,,81,
February,STICK PENGGANTI LAMPU,7.0,,15,
February,STIK DRUM,107.0,100.0,102,
February,STRAINER BOWL STAINLESS LUBANG BASKOM KECIL,140.0,,300,
February,SUTIL,57.0,100.0,65,
February,TALENAN PLASTIK,57.0,96.0,62,
February,TANGGA 3 METER,10.0,4.0,15,
February,TANGKI BOILER,,,,MAINTENANCE
February,TEKO BESAR ( BIANG TEH ),36.0,35.0,49,
February,TEMPAT SAMPAH 80 L (TERTUTUP & INJAK),27.0,10.0,120,
February,TEMPAT SAMPAH ABU-ABU 20 LTR,136.0,100.0,96,
February,TEMPAT SAMPAH BESAR UK 80 LTR,10.0,,25,
February,TEMPAT SAMPAH KECIL UK 10 LTR,73.0,40.0,52,
February,TEMPAT SENDOK,7.0,,36,
February,TEMPAT SENDOK FELICIA JUMBO,21.0,,45,
February,TEMPAT TIMER,23.0,,,
February,TERMOGUN,40.0,45.0,91,
February,TERMOMETER,58.0,20.0,54,
February,TERMOS AIR,24.0,18.0,49,
February,THERMOCOUPLE,,,106,MAINTENANCE
February,"THERMOCOUPLE 2C 24"" GS 2185 (GRIDLE)",,,,MAINTENANCE
February,TIMBANGAN 100 KG,15.0,32.0,34,
February,TIMBANGAN DIGITAL FORTUNO 30 KG,40.0,270.0,299,
February,TIMBANGAN DIGITAL KECIL,7.0,,15,
February,TIMER DIGITAL,445.0,430.0,148,
February,TOOL BOX,10.0,,14,
February,TOPLES UK 18 LTR,515.0,456.0,452,
February,TOPLES UK 4 LTR,200.0,,208,
February,TOPLES UK 9 LTR,287.0,324.0,215,
February,TOWEL,1952.0,12240.0,14175,
February,TROLLI CLEAR UP,45.0,50.0,99,
February,TROLLI LOADING,13.0,,3,
February,WAJAN BESI UK 50',42.0,50.0,42,
February,WAJAN BESI UK 70',33.0,20.0,45,
March,AKRILIC PRINTER,60.0,300.0,423,
March,ALAT PEL,87.0,68.0,82,
March,ALAT PEMADAM KEBAKARAN ( APAR ),14.0,21.0,13,
March,AMBRO FLATWARE BASKET,8.0,,32,
March,APAR POWDER 3KG,16.0,38.0,26,
March,APAR TIPE K 6KG,8.0,19.0,13,
March,ASBAK,340.0,252.0,304,
March,BABY CHAIR,16.0,,11,
March,BAK THAWING BULAT 80 L,9.0,29.0,31,
March,BALON WHISK,28.0,80.0,112,
March,BASKOM KOTAK BESAR,265.0,480.0,520,
March,BASKOM STAINLESS 12 CM,56.0,135.0,204,
March,BASKOM STAINLESS 18 CM,131.0,250.0,184,
March,BASKOM STAINLESS UK 14 CM,17.0,125.0,149,
March,BASKOM STAINLESS UK 26 CM,45.0,105.0,74,
March,BILL HOLDER,27.0,150.0,281,
March,BOTOL DIPPING BESAR,71.0,324.0,425,
March,BOTOL KECAP KECIL,227.0,444.0,516,
March,BOTOL SPRAY,286.0,412.0,448,
March,BURNER GS UK 9 NP,,,66,MAINTENANCE
March,CADDY BAG,48.0,,103,
March,CAPIT SNACK ( BESAR ),114.0,206.0,104,
March,CASH BOX,8.0,18.0,36,
March,CETING TRADISI ( BESAR ),209.0,332.0,363,
March,CETING TRADISI ( KECIL ),57.0,,570,
March,COOL BOX 55LTR,16.0,28.0,23,
March,DIGITAL CALIPER,8.0,,7,
March,DISPENSER,36.0,15.0,68,
March,DISPENSER SABUN KRISBOW,38.0,39.0,25,
March,DITEKTOR UANG PALSU,34.0,120.0,153,
March,DUST BIN KUNING 240 LTR (TEMPAT SAMPAH),38.0,50.0,55,
March,DUSTBIN STAINLESS BULAT,8.0,,11,
March,EMBER,22.0,36.0,126,
March,EMBER 6 GL,45.0,70.0,70,
March,EROS MELAMINE UK BESAR,36.0,70.0,113,
March,EROS STAINLESS UK 30 CC,60.0,130.0,446,
March,EROS STAINLESS UK 60 CC,53.0,,277,
March,EROS STAINLESS UK 90 CC,62.0,,271,
March,EROS STAINLESS UK BESAR,15.0,60.0,107,
March,FILLING KABINET,9.0,2.0,5,
March,FOOD PAN KECIL,28.0,110.0,108,
March,GARPU ADUKAN MIE,152.0,402.0,270,
March,GARPU MAKAN,12.0,15.0,576,
March,GAS BURNER ( LONG SHUN ),6.0,,11,MAINTENANCE
March,GAS KNOP DIA 8 MM W,,45.0,132,MAINTENANCE
March,GAS KNOP F/JP SERIES,,35.0,95,MAINTENANCE
March,GAS VALVE HIGH PREASURE (CONTROL SE),,45.0,50,MAINTENANCE
March,GAS VALVE HP DOUBLE TURBO,,60.0,82,MAINTENANCE
March,GELAS KARYAWAN,2014.0,3000.0,2318,
March,GELAS MINUMAN HANGAT,742.0,540.0,1243,
March,GELAS TEA,15838.0,26390.0,35280,
March,GELAS UKUR 130 ML,82.0,160.0,209,
March,GOLOK,69.0,240.0,264,
March,HAND DRAYER,10.0,,42,
March,HARD COVER HIMBAUAN,46.0,,231,
March,HARD COVER MENU DIMSUM,197.0,300.0,694,
March,JIGGER UK 20/30,39.0,70.0,115,
March,JIGGER UK 20/40,29.0,50.0,121,
March,JIGGER UK 30/40,45.0,50.0,92,
March,KESET KOTAK KARET LUBANG,79.0,80.0,4,
March,KLAKAT DIMSUM,9166.0,15300.0,5496,
March,KLAKAT PREMIUM,125.0,,,
March,KNOP BOILER/WATER TAP HEAD,,,71,MAINTENANCE
March,KNOP F/GAS COOK DIAL,,,41,MAINTENANCE
March,KONTAINER PERFORATED,40.0,50.0,78,
March,KONTAINER SOLID,24.0,645.0,44,
March,LADIES STICKER,29.0,190.0,250,
March,LEFT WATER TAP-RIGHT 02303964 (PD.2458E2,,,71,MAINTENANCE
March,LOCKER SET,80.0,,184,
March,LOGGER,475.0,934.0,498,
March,MAGNET D 22 W/TREADED BOLT (SP),,30.0,36,MAINTENANCE
March,MESIN CUP SEALER,21.0,,109,
March,MOB BUCKET (ALAT PEL SET),15.0,40.0,42,
March,MUKENA,26.0,75.0,79,
March,NAMPAN KARET BULAT,73.0,132.0,181,
March,NAMPAN KARET KOTAK (DIMSUM),320.0,,265,
March,NAMPAN KAYU KOTAK,198.0,168.0,41,
March,PALLET BIRU (DRY),103.0,132.0,53,
March,PALLET HIJAU (FROZEN),93.0,135.0,87,
March,PANCI DANDANG DIMSUM UK 36,60.0,118.0,90,
March,PANCI ENDAPAN MINYAK UK 40,34.0,78.0,48,
March,PANCI KUKUS TAHU UK 36,2.0,,34,
March,PANCI MIE,2011.0,4800.0,3514,
March,PANCI ORCHID UK 28,8.0,20.0,20,
March,PANCI ORCHID UK 32 CM,32.0,98.0,134,
March,PANCI ORCHID UK 36,59.0,99.0,105,
March,PAPAN AWAS LANTAI LICIN,19.0,20.0,47,
March,PAPAN TULIS,18.0,15.0,41,
March,PEMATIK KOMPOR,24.0,,96,MAINTENANCE
March,PEMBATAS ANTRIAN,46.0,88.0,72,
March,PEMUKUL DAGING,38.0,,133,
March,PIEZO IGNITER UK 18.MM,,50.0,181,MAINTENANCE
March,PILOT 250 MM (KOMPOR HIGH PREASURE),,20.0,43,MAINTENANCE
March,PILOT BURNER F/BUNSEN,,50.0,161,MAINTENANCE
March,PILOT SW 9000 (SP),,20.0,22,MAINTENANCE
March,PIRING HAWAI BLACK,8160.0,8720.0,18510,
March,PISAU BUAH BESAR,193.0,160.0,107,
March,PISAU BUAH KECIL,158.0,150.0,199,
March,PISAU GILING DAGING,78.0,30.0,197,
March,PRAXIS KEEPER UK 900ML,97.0,136.0,216,
March,PUMP DISPENSER,8.0,,32,
March,RAK GALON OJOL,11.0,,29,
March,RAK KONTAINER KECIL,21.0,78.0,102,
March,RAK MUKENA,8.0,,32,
March,RAK PENITIPAN BARANG CUSTOMER,8.0,25.0,32,
March,RAK SEPATU KARYAWAN,32.0,84.0,117,
March,REGULATOR,28.0,50.0,78,MAINTENANCE
March,SAFETY GAS COOK (GASVALVE GS3878)8325183,,35.0,148,MAINTENANCE
March,SAFETY GAS VALVE WITH INLET BRACKET&SREW,,,,MAINTENANCE
March,SAJADAH,26.0,,19,
March,SARINGAN MIE,1874.0,3100.0,2477,
March,SARINGAN MINYAK,120.0,104.0,181,
March,SARINGAN TEH GACOAN,87.0,170.0,448,
March,SARUNG,26.0,,19,
March,SCALE OFF (PEMBERSIH TANGKI BOILER),181.0,200.0,263,
March,SEAL PACK 3.5 LTR/3500 ML,735.0,1344.0,753,
March,SEAL PACK DIMSUM,2275.0,3276.0,1703,
March,SEAL PACK POWDER,351.0,432.0,365,
March,SENDOK ES STAINLESS,113.0,360.0,367,
March,SENDOK MAKAN STAINLESS,12.0,10.0,600,
March,SENDOK TAKAR 12 GRM,50.0,,36,
March,SENDOK TAKAR PLASTIK,125.0,400.0,387,
March,SENDOK TAKAR STAINLESS,301.0,750.0,781,
March,SEROK BESAR KAWAT,115.0,115.0,35,
March,SEROK ICE,86.0,,344,
March,SHAKER 750,184.0,350.0,417,
March,SPATULA MIE IBLIS ( SODET COKLAT ),132.0,64.0,380,
March,SPATULA STAINLESS,240.0,200.0,249,
March,STEMPEL,106.0,350.0,375,
March,STICK PENGGANTI LAMPU,8.0,,9,
March,STIK DRUM,228.0,430.0,404,
March,STRAINER BOWL STAINLESS LUBANG BASKOM KECIL,160.0,500.0,640,
March,SUTIL,72.0,90.0,83,
March,TALENAN PLASTIK,71.0,96.0,87,
March,TANGGA 3 METER,8.0,24.0,30,
March,TANGKI BOILER,,14.0,14,MAINTENANCE
March,TEKO BESAR ( BIANG TEH ),48.0,110.0,111,
March,TEMPAT SAMPAH 80 L (TERTUTUP & INJAK),29.0,152.0,91,
March,TEMPAT SAMPAH ABU-ABU 20 LTR,143.0,100.0,51,
March,TEMPAT SAMPAH BESAR UK 80 LTR,19.0,42.0,47,
March,TEMPAT SAMPAH KECIL UK 10 LTR,134.0,130.0,48,
March,TEMPAT SENDOK,12.0,,24,
March,TEMPAT SENDOK FELICIA JUMBO,24.0,75.0,96,
March,TEMPAT TIMER,25.0,,,
March,TERMOGUN,61.0,200.0,245,
March,TERMOMETER,125.0,333.0,262,
March,TERMOS AIR,39.0,102.0,94,
March,THERMOCOUPLE,,40.0,146,MAINTENANCE
March,"THERMOCOUPLE 2C 24"" GS 2185 (GRIDLE)",,,,MAINTENANCE
March,TIMBANGAN 100 KG,22.0,,12,
March,TIMBANGAN DIGITAL FORTUNO 30 KG,49.0,210.0,460,
March,TIMBANGAN DIGITAL KECIL,8.0,,8,
March,TIMER DIGITAL,1617.0,3280.0,1801,
March,TOOL BOX,12.0,30.0,32,
March,TOPLES UK 18 LTR,912.0,1200.0,428,
March,TOPLES UK 4 LTR,286.0,792.0,570,
March,TOPLES UK 9 LTR,538.0,792.0,397,
March,TOWEL,3582.0,9360.0,19953,
March,TROLLI CLEAR UP,46.0,5.0,58,
March,TROLLI LOADING,15.0,15.0,13,
March,WAJAN BESI UK 50',56.0,65.0,51,
March,WAJAN BESI UK 70',40.0,65.0,70,
April,AKRILIC PRINTER,47.0,,376,
April,ALAT PEL,48.0,180.0,206,
April,ALAT PEMADAM KEBAKARAN ( APAR ),7.0,,6,
April,AMBRO FLATWARE BASKET,9.0,49.0,72,
April,APAR POWDER 3KG,14.0,,12,
April,APAR TIPE K 6KG,7.0,,6,
April,ASBAK,267.0,540.0,577,
April,BABY CHAIR,14.0,,32,
April,BAK THAWING BULAT 80 L,19.0,,12,
April,BALON WHISK,33.0,,79,
April,BASKOM KOTAK BESAR,270.0,192.0,442,
April,BASKOM STAINLESS 12 CM,46.0,50.0,208,
April,BASKOM STAINLESS 18 CM,93.0,180.0,271,
April,BASKOM STAINLESS UK 14 CM,21.0,,128,
April,BASKOM STAINLESS UK 26 CM,66.0,,48,
April,BILL HOLDER,64.0,210.0,427,
April,BOTOL DIPPING BESAR,42.0,,383,
April,BOTOL KECAP KECIL,202.0,,314,
April,BOTOL SPRAY,212.0,1283.0,1518,
April,BURNER GS UK 9 NP,,,66,MAINTENANCE
April,CADDY BAG,61.0,,42,
April,CAPIT SNACK ( BESAR ),107.0,72.0,149,
April,CASH BOX,8.0,12.0,40,
April,CETING TRADISI ( BESAR ),199.0,,279,
April,CETING TRADISI ( KECIL ),20.0,,550,
April,COOL BOX 55LTR,3.0,17.0,37,
April,DIGITAL CALIPER,7.0,30.0,55,
April,DISPENSER,29.0,31.0,69,
April,DISPENSER SABUN KRISBOW,28.0,53.0,50,
April,DITEKTOR UANG PALSU,28.0,,125,
April,DUST BIN KUNING 240 LTR (TEMPAT SAMPAH),24.0,25.0,56,
April,DUSTBIN STAINLESS BULAT,7.0,10.0,14,
April,EMBER,8.0,3.0,121,
April,EMBER 6 GL,21.0,,69,
April,EROS MELAMINE UK BESAR,33.0,,105,
April,EROS STAINLESS UK 30 CC,37.0,,409,
April,EROS STAINLESS UK 60 CC,23.0,,254,
April,EROS STAINLESS UK 90 CC,27.0,,244,
April,EROS STAINLESS UK BESAR,14.0,,133,
April,FILLING KABINET,9.0,45.0,41,
April,FOOD PAN KECIL,32.0,30.0,106,
April,GARPU ADUKAN MIE,150.0,,120,
April,GARPU MAKAN,,25.0,876,
April,GAS BURNER ( LONG SHUN ),1.0,30.0,40,MAINTENANCE
April,GAS KNOP DIA 8 MM W,,,132,MAINTENANCE
April,GAS KNOP F/JP SERIES,,,95,MAINTENANCE
April,GAS VALVE HIGH PREASURE (CONTROL SE),,,50,MAINTENANCE
April,GAS VALVE HP DOUBLE TURBO,,40.0,122,MAINTENANCE
April,GELAS KARYAWAN,1293.0,600.0,1615,
April,GELAS MINUMAN HANGAT,441.0,,802,
April,GELAS TEA,10648.0,21110.0,45742,
April,GELAS UKUR 130 ML,80.0,193.0,319,
April,GOLOK,18.0,99.0,345,
April,HAND DRAYER,10.0,,32,
April,HARD COVER HIMBAUAN,39.0,,192,
April,HARD COVER MENU DIMSUM,105.0,650.0,1189,
April,JIGGER UK 20/30,28.0,40.0,127,
April,JIGGER UK 20/40,26.0,40.0,135,
April,JIGGER UK 30/40,32.0,60.0,120,
April,KESET KOTAK KARET LUBANG,135.0,340.0,206,
April,KLAKAT DIMSUM,9900.0,8700.0,4296,
April,KLAKAT PREMIUM,,,,
April,KNOP BOILER/WATER TAP HEAD,,,71,MAINTENANCE
April,KNOP F/GAS COOK DIAL,,,41,MAINTENANCE
April,KONTAINER PERFORATED,35.0,3000.0,93,
April,KONTAINER SOLID,21.0,440.0,88,
April,LADIES STICKER,24.0,30.0,226,
April,LEFT WATER TAP-RIGHT 02303964 (PD.2458E2,,,71,MAINTENANCE
April,LOCKER SET,61.0,,123,
April,LOGGER,262.0,315.0,555,
April,MAGNET D 22 W/TREADED BOLT (SP),,,36,MAINTENANCE
April,MESIN CUP SEALER,20.0,,89,
April,MOB BUCKET (ALAT PEL SET),11.0,15.0,46,
April,MUKENA,60.0,360.0,379,
April,NAMPAN KARET BULAT,65.0,264.0,380,
April,NAMPAN KARET KOTAK (DIMSUM),344.0,307.0,451,
April,NAMPAN KAYU KOTAK,289.0,636.0,388,
April,PALLET BIRU (DRY),53.0,,,
April,PALLET HIJAU (FROZEN),66.0,60.0,81,
April,PANCI DANDANG DIMSUM UK 36,46.0,50.0,93,
April,PANCI ENDAPAN MINYAK UK 40,22.0,20.0,46,
April,PANCI KUKUS TAHU UK 36,3.0,,31,
April,PANCI MIE,3584.0,5076.0,4143,
April,PANCI ORCHID UK 28,6.0,15.0,29,
April,PANCI ORCHID UK 32 CM,28.0,20.0,126,
April,PANCI ORCHID UK 36,36.0,70.0,139,
April,PAPAN AWAS LANTAI LICIN,14.0,20.0,53,
April,PAPAN TULIS,15.0,40.0,66,
April,PEMATIK KOMPOR,213.0,435.0,318,MAINTENANCE
April,PEMBATAS ANTRIAN,37.0,,35,
April,PEMUKUL DAGING,27.0,,106,
April,PIEZO IGNITER UK 18.MM,,,181,MAINTENANCE
April,PILOT 250 MM (KOMPOR HIGH PREASURE),,40.0,83,MAINTENANCE
April,PILOT BURNER F/BUNSEN,,,161,MAINTENANCE
April,PILOT SW 9000 (SP),,,22,MAINTENANCE
April,PIRING HAWAI BLACK,4410.0,7240.0,21412,
April,PISAU BUAH BESAR,100.0,180.0,190,
April,PISAU BUAH KECIL,128.0,260.0,331,
April,PISAU GILING DAGING,10.0,10.0,197,
April,PRAXIS KEEPER UK 900ML,66.0,384.0,534,
April,PUMP DISPENSER,25.0,145.0,152,
April,RAK GALON OJOL,4.0,,25,
April,RAK KONTAINER KECIL,17.0,,85,
April,RAK MUKENA,16.0,,16,
April,RAK PENITIPAN BARANG CUSTOMER,11.0,85.0,106,
April,RAK SEPATU KARYAWAN,12.0,,105,
April,REGULATOR,13.0,,65,MAINTENANCE
April,SAFETY GAS COOK (GASVALVE GS3878)8325183,,,148,MAINTENANCE
April,SAFETY GAS VALVE WITH INLET BRACKET&SREW,,,,MAINTENANCE
April,SAJADAH,30.0,,324,
April,SARINGAN MIE,1596.0,2000.0,2891,
April,SARINGAN MINYAK,114.0,96.0,163,
April,SARINGAN TEH GACOAN,82.0,140.0,506,
April,SARUNG,28.0,,124,
April,SCALE OFF (PEMBERSIH TANGKI BOILER),125.0,,138,
April,SEAL PACK 3.5 LTR/3500 ML,383.0,24.0,370,
April,SEAL PACK DIMSUM,1049.0,1296.0,1604,
April,SEAL PACK POWDER,199.0,288.0,454,
April,SENDOK ES STAINLESS,95.0,120.0,392,
April,SENDOK MAKAN STAINLESS,,80.0,1560,
April,SENDOK TAKAR 12 GRM,118.0,140.0,58,
April,SENDOK TAKAR PLASTIK,89.0,310.0,608,
April,SENDOK TAKAR STAINLESS,155.0,610.0,1236,
April,SEROK BESAR KAWAT,112.0,100.0,153,
April,SEROK ICE,76.0,120.0,638,
April,SHAKER 750,116.0,500.0,796,
April,SPATULA MIE IBLIS ( SODET COKLAT ),84.0,300.0,596,
April,SPATULA STAINLESS,160.0,200.0,289,
April,STEMPEL,55.0,150.0,420,
April,STICK PENGGANTI LAMPU,9.0,25.0,48,
April,STIK DRUM,127.0,200.0,382,
April,STRAINER BOWL STAINLESS LUBANG BASKOM KECIL,160.0,,480,
April,SUTIL,83.0,115.0,80,
April,TALENAN PLASTIK,31.0,89.0,140,
April,TANGGA 3 METER,8.0,86.0,108,
April,TANGKI BOILER,,,14,MAINTENANCE
April,TEKO BESAR ( BIANG TEH ),45.0,35.0,101,
April,TEMPAT SAMPAH 80 L (TERTUTUP & INJAK),25.0,,66,
April,TEMPAT SAMPAH ABU-ABU 20 LTR,83.0,150.0,118,
April,TEMPAT SAMPAH BESAR UK 80 LTR,10.0,45.0,82,
April,TEMPAT SAMPAH KECIL UK 10 LTR,88.0,180.0,140,
April,TEMPAT SENDOK,2.0,,22,
April,TEMPAT SENDOK FELICIA JUMBO,23.0,75.0,148,
April,TEMPAT TIMER,,25.0,,
April,TERMOGUN,83.0,180.0,342,
April,TERMOMETER,78.0,100.0,284,
April,TERMOS AIR,19.0,24.0,99,
April,THERMOCOUPLE,,,146,MAINTENANCE
April,"THERMOCOUPLE 2C 24"" GS 2185 (GRIDLE)",,,,MAINTENANCE
April,TIMBANGAN 100 KG,16.0,53.0,49,
April,TIMBANGAN DIGITAL FORTUNO 30 KG,38.0,,422,
April,TIMBANGAN DIGITAL KECIL,8.0,26.0,26,
April,TIMER DIGITAL,1606.0,1500.0,1698,
April,TOOL BOX,9.0,40.0,63,
April,TOPLES UK 18 LTR,553.0,720.0,595,
April,TOPLES UK 4 LTR,157.0,144.0,557,
April,TOPLES UK 9 LTR,335.0,144.0,206,
April,TOWEL,2129.0,12924.0,30748,
April,TROLLI CLEAR UP,39.0,4.0,23,
April,TROLLI LOADING,10.0,40.0,33,
April,WAJAN BESI UK 50',35.0,,16,
April,WAJAN BESI UK 70',27.0,,43,
May,AKRILIC PRINTER,39.0,,337,
May,ALAT PEL,52.0,,152,
May,ALAT PEMADAM KEBAKARAN ( APAR ),5.0,3.0,4,
May,AMBRO FLATWARE BASKET,11.0,26.0,87,
May,APAR POWDER 3KG,10.0,6.0,8,
May,APAR TIPE K 6KG,5.0,3.0,4,
May,ASBAK,247.0,,330,
May,BABY CHAIR,26.0,67.0,68,
May,BAK THAWING BULAT 80 L,5.0,,7,
May,BALON WHISK,25.0,,54,
May,BASKOM KOTAK BESAR,216.0,96.0,322,
May,BASKOM STAINLESS 12 CM,27.0,,181,
May,BASKOM STAINLESS 18 CM,81.0,,208,
May,BASKOM STAINLESS UK 14 CM,18.0,,110,
May,BASKOM STAINLESS UK 26 CM,22.0,40.0,22,
May,BILL HOLDER,59.0,235.0,603,
May,BOTOL DIPPING BESAR,41.0,,342,
May,BOTOL KECAP KECIL,150.0,300.0,464,
May,BOTOL SPRAY,204.0,18.0,1332,
May,BURNER GS UK 9 NP,,,66,MAINTENANCE
May,CADDY BAG,50.0,71.0,64,
May,CAPIT SNACK ( BESAR ),82.0,120.0,105,
May,CASH BOX,6.0,12.0,46,
May,CETING TRADISI ( BESAR ),149.0,275.0,290,
May,CETING TRADISI ( KECIL ),52.0,,498,
May,COOL BOX 55LTR,9.0,,28,
May,DIGITAL CALIPER,19.0,90.0,101,
May,DISPENSER,23.0,40.0,86,
May,DISPENSER SABUN KRISBOW,46.0,135.0,184,
May,DITEKTOR UANG PALSU,22.0,,103,
May,DUST BIN KUNING 240 LTR (TEMPAT SAMPAH),24.0,20.0,52,
May,DUSTBIN STAINLESS BULAT,17.0,40.0,42,
May,EMBER,13.0,,108,
May,EMBER 6 GL,6.0,45.0,88,
May,EROS MELAMINE UK BESAR,25.0,25.0,80,
May,EROS STAINLESS UK 30 CC,30.0,,379,
May,EROS STAINLESS UK 60 CC,22.0,,232,
May,EROS STAINLESS UK 90 CC,32.0,,212,
May,EROS STAINLESS UK BESAR,12.0,40.0,121,
May,FILLING KABINET,6.0,1.0,35,
May,FOOD PAN KECIL,18.0,,88,
May,GARPU ADUKAN MIE,117.0,,3,
May,GARPU MAKAN,,,876,
May,GAS BURNER ( LONG SHUN ),4.0,15.0,51,MAINTENANCE
May,GAS KNOP DIA 8 MM W,,70.0,202,MAINTENANCE
May,GAS KNOP F/JP SERIES,,100.0,195,MAINTENANCE
May,GAS VALVE HIGH PREASURE (CONTROL SE),,,50,MAINTENANCE
May,GAS VALVE HP DOUBLE TURBO,,,122,MAINTENANCE
May,GELAS KARYAWAN,1139.0,2400.0,2876,
May,GELAS MINUMAN HANGAT,357.0,1200.0,1645,
May,GELAS TEA,7178.0,3500.0,42064,
May,GELAS UKUR 130 ML,74.0,,245,
May,GOLOK,34.0,,311,
May,HAND DRAYER,10.0,9.0,31,
May,HARD COVER HIMBAUAN,31.0,,161,
May,HARD COVER MENU DIMSUM,182.0,,1010,
May,JIGGER UK 20/30,25.0,,101,
May,JIGGER UK 20/40,27.0,,108,
May,JIGGER UK 30/40,27.0,,93,
May,KESET KOTAK KARET LUBANG,64.0,22.0,164,
May,KLAKAT DIMSUM,9206.0,4000.0,1252,
May,KLAKAT PREMIUM,10495.0,25200.0,14735,
May,KNOP BOILER/WATER TAP HEAD,,55.0,126,MAINTENANCE
May,KNOP F/GAS COOK DIAL,,,41,MAINTENANCE
May,KONTAINER PERFORATED,25.0,50.0,68,
May,KONTAINER SOLID,15.0,640.0,73,
May,LADIES STICKER,14.0,,212,
May,LEFT WATER TAP-RIGHT 02303964 (PD.2458E2,,25.0,96,MAINTENANCE
May,LOCKER SET,58.0,,65,
May,LOGGER,238.0,10.0,315,
May,MAGNET D 22 W/TREADED BOLT (SP),,,36,MAINTENANCE
May,MESIN CUP SEALER,10.0,,80,
May,MOB BUCKET (ALAT PEL SET),6.0,65.0,105,
May,MUKENA,48.0,75.0,406,
May,NAMPAN KARET BULAT,52.0,,328,
May,NAMPAN KARET KOTAK (DIMSUM),552.0,424.0,257,
May,NAMPAN KAYU KOTAK,108.0,240.0,520,
May,PALLET BIRU (DRY),113.0,150.0,37,
May,PALLET HIJAU (FROZEN),50.0,60.0,91,
May,PANCI DANDANG DIMSUM UK 36,41.0,,52,
May,PANCI ENDAPAN MINYAK UK 40,23.0,20.0,43,
May,PANCI KUKUS TAHU UK 36,6.0,,25,
May,PANCI MIE,2131.0,5400.0,7412,
May,PANCI ORCHID UK 28,7.0,,22,
May,PANCI ORCHID UK 32 CM,35.0,,91,
May,PANCI ORCHID UK 36,43.0,,96,
May,PAPAN AWAS LANTAI LICIN,11.0,,82,
May,PAPAN TULIS,13.0,25.0,78,
May,PEMATIK KOMPOR,181.0,,137,MAINTENANCE
May,PEMBATAS ANTRIAN,23.0,8.0,49,
May,PEMUKUL DAGING,13.0,80.0,173,
May,PIEZO IGNITER UK 18.MM,,95.0,276,MAINTENANCE
May,PILOT 250 MM (KOMPOR HIGH PREASURE),4.0,,79,MAINTENANCE
May,PILOT BURNER F/BUNSEN,,40.0,201,MAINTENANCE
May,PILOT SW 9000 (SP),,10.0,32,MAINTENANCE
May,PIRING HAWAI BLACK,2585.0,10270.0,29097,
May,PISAU BUAH BESAR,152.0,204.0,242,
May,PISAU BUAH KECIL,166.0,,165,
May,PISAU GILING DAGING,85.0,240.0,285,
May,PRAXIS KEEPER UK 900ML,61.0,,473,
May,PUMP DISPENSER,13.0,20.0,159,
May,RAK GALON OJOL,,,25,
May,RAK KONTAINER KECIL,11.0,,74,
May,RAK MUKENA,9.0,85.0,92,
May,RAK PENITIPAN BARANG CUSTOMER,8.0,10.0,108,
May,RAK SEPATU KARYAWAN,8.0,,97,
May,REGULATOR,11.0,80.0,134,MAINTENANCE
May,SAFETY GAS COOK (GASVALVE GS3878)8325183,,,148,MAINTENANCE
May,SAFETY GAS VALVE WITH INLET BRACKET&SREW,,55.0,55,MAINTENANCE
May,SAJADAH,65.0,260.0,258,
May,SARINGAN MIE,1372.0,660.0,2179,
May,SARINGAN MINYAK,81.0,170.0,252,
May,SARINGAN TEH GACOAN,66.0,,440,
May,SARUNG,66.0,294.0,285,
May,SCALE OFF (PEMBERSIH TANGKI BOILER),131.0,100.0,108,
May,SEAL PACK 3.5 LTR/3500 ML,395.0,384.0,358,
May,SEAL PACK DIMSUM,521.0,,1088,
May,SEAL PACK POWDER,151.0,72.0,375,
May,SENDOK ES STAINLESS,103.0,96.0,385,
May,SENDOK MAKAN STAINLESS,,,1560,
May,SENDOK TAKAR 12 GRM,249.0,6000.0,5809,
May,SENDOK TAKAR PLASTIK,128.0,,480,
May,SENDOK TAKAR STAINLESS,136.0,,1100,
May,SEROK BESAR KAWAT,104.0,245.0,160,
May,SEROK ICE,62.0,250.0,574,
May,SHAKER 750,102.0,,694,
May,SPATULA MIE IBLIS ( SODET COKLAT ),111.0,,485,
May,SPATULA STAINLESS,188.0,400.0,501,
May,STEMPEL,55.0,,365,
May,STICK PENGGANTI LAMPU,11.0,45.0,82,
May,STIK DRUM,183.0,,199,
May,STRAINER BOWL STAINLESS LUBANG BASKOM KECIL,129.0,1396.0,1747,
May,SUTIL,72.0,155.0,153,
May,TALENAN PLASTIK,23.0,,117,
May,TANGGA 3 METER,8.0,,99,
May,TANGKI BOILER,,,14,MAINTENANCE
May,TEKO BESAR ( BIANG TEH ),40.0,,61,
May,TEMPAT SAMPAH 80 L (TERTUTUP & INJAK),22.0,13.0,57,
May,TEMPAT SAMPAH ABU-ABU 20 LTR,68.0,25.0,75,
May,TEMPAT SAMPAH BESAR UK 80 LTR,11.0,,71,
May,TEMPAT SAMPAH KECIL UK 10 LTR,77.0,25.0,87,
May,TEMPAT SENDOK,,,22,
May,TEMPAT SENDOK FELICIA JUMBO,15.0,,133,
May,TEMPAT TIMER,43.0,65.0,22,
May,TERMOGUN,36.0,60.0,351,
May,TERMOMETER,24.0,212.0,443,
May,TERMOS AIR,21.0,,78,
May,THERMOCOUPLE,,40.0,186,MAINTENANCE
May,"THERMOCOUPLE 2C 24"" GS 2185 (GRIDLE)",,,,MAINTENANCE
May,TIMBANGAN 100 KG,21.0,,28,
May,TIMBANGAN DIGITAL FORTUNO 30 KG,53.0,,365,
May,TIMBANGAN DIGITAL KECIL,18.0,,8,
May,TIMER DIGITAL,926.0,400.0,1172,
May,TOOL BOX,11.0,,52,
May,TOPLES UK 18 LTR,532.0,384.0,447,
May,TOPLES UK 4 LTR,152.0,,405,
May,TOPLES UK 9 LTR,351.0,588.0,443,
May,TOWEL,1557.0,7800.0,36991,
May,TROLLI CLEAR UP,17.0,,6,
May,TROLLI LOADING,27.0,35.0,41,
May,WAJAN BESI UK 50',49.0,60.0,27,
May,WAJAN BESI UK 70',32.0,50.0,60,
June,AKRILIC PRINTER,54.0,,283,
June,ALAT PEL,41.0,6.0,111,
June,ALAT PEMADAM KEBAKARAN ( APAR ),6.0,13.0,11,
June,AMBRO FLATWARE BASKET,10.0,,77,
June,APAR POWDER 3KG,12.0,26.0,22,
June,APAR TIPE K 6KG,6.0,13.0,11,
June,ASBAK,273.0,72.0,129,
June,BABY CHAIR,56.0,71.0,53,
June,BAK THAWING BULAT 80 L,3.0,,4,
June,BALON WHISK,23.0,,31,
June,BASKOM KOTAK BESAR,167.0,48.0,203,
June,BASKOM STAINLESS 12 CM,23.0,,158,
June,BASKOM STAINLESS 18 CM,74.0,10.0,144,
June,BASKOM STAINLESS UK 14 CM,16.0,,94,
June,BASKOM STAINLESS UK 26 CM,16.0,10.0,16,
June,BILL HOLDER,29.0,,574,
June,BOTOL DIPPING BESAR,42.0,,300,
June,BOTOL KECAP KECIL,116.0,,348,
June,BOTOL SPRAY,223.0,,1109,
June,BURNER GS UK 9 NP,,,66,MAINTENANCE
June,CADDY BAG,92.0,111.0,692,
June,CAPIT SNACK ( BESAR ),87.0,,18,
June,CASH BOX,6.0,,40,
June,CETING TRADISI ( BESAR ),102.0,10.0,198,
June,CETING TRADISI ( KECIL ),15.0,,483,
June,COOL BOX 55LTR,5.0,,23,
June,DIGITAL CALIPER,12.0,25.0,114,
June,DISPENSER,21.0,1.0,65,
June,DISPENSER SABUN KRISBOW,73.0,388.0,651,
June,DITEKTOR UANG PALSU,15.0,,88,
June,DUST BIN KUNING 240 LTR (TEMPAT SAMPAH),26.0,10.0,36,
June,DUSTBIN STAINLESS BULAT,20.0,39.0,52,
June,EMBER,17.0,,91,
June,EMBER 6 GL,15.0,,73,
June,EROS MELAMINE UK BESAR,32.0,,50,
June,EROS STAINLESS UK 30 CC,24.0,,355,
June,EROS STAINLESS UK 60 CC,13.0,,219,
June,EROS STAINLESS UK 90 CC,15.0,,197,
June,EROS STAINLESS UK BESAR,8.0,,113,
June,FILLING KABINET,7.0,,28,
June,FOOD PAN KECIL,15.0,,73,
June,GARPU ADUKAN MIE,20.0,23.0,6,
June,GARPU MAKAN,24.0,,852,
June,GAS BURNER ( LONG SHUN ),1.0,,50,MAINTENANCE
June,GAS KNOP DIA 8 MM W,,70.0,272,MAINTENANCE
June,GAS KNOP F/JP SERIES,,250.0,445,MAINTENANCE
June,GAS VALVE HIGH PREASURE (CONTROL SE),,,50,MAINTENANCE
June,GAS VALVE HP DOUBLE TURBO,,,122,MAINTENANCE
June,GELAS KARYAWAN,1024.0,1020.0,4072,
June,GELAS MINUMAN HANGAT,339.0,,1318,
June,GELAS TEA,8010.0,,34053,
June,GELAS UKUR 130 ML,55.0,6.0,190,
June,GOLOK,25.0,,286,
June,HAND DRAYER,6.0,,25,
June,HARD COVER HIMBAUAN,38.0,,123,
June,HARD COVER MENU DIMSUM,593.0,,417,
June,JIGGER UK 20/30,20.0,,81,
June,JIGGER UK 20/40,19.0,,89,
June,JIGGER UK 30/40,19.0,,74,
June,KESET KOTAK KARET LUBANG,85.0,,79,
June,KLAKAT DIMSUM,2925.0,4200.0,527,
June,KLAKAT PREMIUM,3580.0,,11155,
June,KNOP BOILER/WATER TAP HEAD,,160.0,286,MAINTENANCE
June,KNOP F/GAS COOK DIAL,,75.0,116,MAINTENANCE
June,KONTAINER PERFORATED,30.0,10.0,48,
June,KONTAINER SOLID,18.0,485.0,540,
June,LADIES STICKER,18.0,,194,
June,LEFT WATER TAP-RIGHT 02303964 (PD.2458E2,,90.0,186,MAINTENANCE
June,LOCKER SET,57.0,147.0,155,
June,LOGGER,288.0,110.0,147,
June,MAGNET D 22 W/TREADED BOLT (SP),,,36,MAINTENANCE
June,MESIN CUP SEALER,13.0,,67,
June,MOB BUCKET (ALAT PEL SET),9.0,,96,
June,MUKENA,32.0,,374,
June,NAMPAN KARET BULAT,40.0,,288,
June,NAMPAN KARET KOTAK (DIMSUM),315.0,517.0,302,
June,NAMPAN KAYU KOTAK,126.0,,394,
June,PALLET BIRU (DRY),52.0,75.0,60,
June,PALLET HIJAU (FROZEN),68.0,175.0,198,
June,PANCI DANDANG DIMSUM UK 36,45.0,10.0,17,
June,PANCI ENDAPAN MINYAK UK 40,27.0,5.0,21,
June,PANCI KUKUS TAHU UK 36,,,25,
June,PANCI MIE,1582.0,2400.0,8230,
June,PANCI ORCHID UK 28,7.0,,15,
June,PANCI ORCHID UK 32 CM,14.0,,77,
June,PANCI ORCHID UK 36,37.0,20.0,79,
June,PAPAN AWAS LANTAI LICIN,12.0,,69,
June,PAPAN TULIS,17.0,,59,
June,PEMATIK KOMPOR,139.0,60.0,58,MAINTENANCE
June,PEMBATAS ANTRIAN,36.0,,13,
June,PEMUKUL DAGING,23.0,25.0,175,
June,PIEZO IGNITER UK 18.MM,,235.0,511,MAINTENANCE
June,PILOT 250 MM (KOMPOR HIGH PREASURE),,,79,MAINTENANCE
June,PILOT BURNER F/BUNSEN,,145.0,346,MAINTENANCE
June,PILOT SW 9000 (SP),,10.0,42,MAINTENANCE
June,PIRING HAWAI BLACK,3832.0,9563.0,34828,
June,PISAU BUAH BESAR,90.0,,152,
June,PISAU BUAH KECIL,74.0,,91,
June,PISAU GILING DAGING,78.0,,207,
June,PRAXIS KEEPER UK 900ML,49.0,,424,
June,PUMP DISPENSER,17.0,,142,
June,RAK GALON OJOL,5.0,,20,
June,RAK KONTAINER KECIL,13.0,,61,
June,RAK MUKENA,11.0,,81,
June,RAK PENITIPAN BARANG CUSTOMER,8.0,,100,
June,RAK SEPATU KARYAWAN,20.0,,77,
June,REGULATOR,27.0,,107,MAINTENANCE
June,SAFETY GAS COOK (GASVALVE GS3878)8325183,,10.0,158,MAINTENANCE
June,SAFETY GAS VALVE WITH INLET BRACKET&SREW,,185.0,240,MAINTENANCE
June,SAJADAH,36.0,175.0,322,
June,SARINGAN MIE,1601.0,130.0,708,
June,SARINGAN MINYAK,81.0,,171,
June,SARINGAN TEH GACOAN,51.0,,389,
June,SARUNG,51.0,66.0,234,
June,SCALE OFF (PEMBERSIH TANGKI BOILER),107.0,140.0,140,
June,SEAL PACK 3.5 LTR/3500 ML,297.0,96.0,157,
June,SEAL PACK DIMSUM,608.0,,480,
June,SEAL PACK POWDER,137.0,72.0,310,
June,SENDOK ES STAINLESS,88.0,,297,
June,SENDOK MAKAN STAINLESS,36.0,,1524,
June,SENDOK TAKAR 12 GRM,183.0,,5626,
June,SENDOK TAKAR PLASTIK,91.0,,389,
June,SENDOK TAKAR STAINLESS,135.0,,963,
June,SEROK BESAR KAWAT,85.0,,61,
June,SEROK ICE,57.0,,517,
June,SHAKER 750,149.0,,545,
June,SPATULA MIE IBLIS ( SODET COKLAT ),153.0,,332,
June,SPATULA STAINLESS,178.0,200.0,523,
June,STEMPEL,37.0,,328,
June,STICK PENGGANTI LAMPU,13.0,25.0,69,
June,STIK DRUM,157.0,,42,
June,STRAINER BOWL STAINLESS LUBANG BASKOM KECIL,136.0,,1611,
June,SUTIL,74.0,,79,
June,TALENAN PLASTIK,27.0,,90,
June,TANGGA 3 METER,6.0,,93,
June,TANGKI BOILER,,,14,MAINTENANCE
June,TEKO BESAR ( BIANG TEH ),33.0,10.0,38,
June,TEMPAT SAMPAH 80 L (TERTUTUP & INJAK),29.0,,28,
June,TEMPAT SAMPAH ABU-ABU 20 LTR,56.0,,19,
June,TEMPAT SAMPAH BESAR UK 80 LTR,19.0,,52,
June,TEMPAT SAMPAH KECIL UK 10 LTR,45.0,15.0,57,
June,TEMPAT SENDOK,2.0,,20,
June,TEMPAT SENDOK FELICIA JUMBO,18.0,,115,
June,TEMPAT TIMER,53.0,40.0,9,
June,TERMOGUN,31.0,,320,
June,TERMOMETER,46.0,,397,
June,TERMOS AIR,28.0,,50,
June,THERMOCOUPLE,,235.0,421,MAINTENANCE
June,"THERMOCOUPLE 2C 24"" GS 2185 (GRIDLE)",,10.0,10,MAINTENANCE
June,TIMBANGAN 100 KG,13.0,45.0,60,
June,TIMBANGAN DIGITAL FORTUNO 30 KG,30.0,,331,
June,TIMBANGAN DIGITAL KECIL,6.0,1.0,2,
June,TIMER DIGITAL,823.0,210.0,544,
June,TOOL BOX,11.0,,41,
June,TOPLES UK 18 LTR,406.0,120.0,161,
June,TOPLES UK 4 LTR,165.0,72.0,312,
June,TOPLES UK 9 LTR,285.0,,158,
June,TOWEL,1968.0,3396.0,38419,
June,TROLLI CLEAR UP,21.0,256.0,241,
June,TROLLI LOADING,11.0,20.0,50,
June,WAJAN BESI UK 50',53.0,100.0,74,
June,WAJAN BESI UK 70',37.0,80.0,103,
July,AKRILIC PRINTER,29.0,,253,
July,ALAT PEL,20.0,19.0,91,
July,ALAT PEMADAM KEBAKARAN ( APAR ),4.0,,7,
July,AMBRO FLATWARE BASKET,4.0,,73,
July,APAR POWDER 3KG,8.0,,14,
July,APAR TIPE K 6KG,4.0,,7,
July,ASBAK,128.0,292.0,293,
July,BABY CHAIR,19.0,90.0,124,
July,BAK THAWING BULAT 80 L,4.0,,,
July,BALON WHISK,31.0,33.0,33,
July,BASKOM KOTAK BESAR,146.0,157.0,154,
July,BASKOM STAINLESS 12 CM,23.0,,135,
July,BASKOM STAINLESS 18 CM,57.0,38.0,124,
July,BASKOM STAINLESS UK 14 CM,25.0,,69,
July,BASKOM STAINLESS UK 26 CM,19.0,27.0,24,
July,BILL HOLDER,64.0,,512,
July,BOTOL DIPPING BESAR,13.0,,287,
July,BOTOL KECAP KECIL,131.0,,217,
July,BOTOL SPRAY,160.0,993.0,1927,
July,BURNER GS UK 9 NP,25.0,,41,MAINTENANCE
July,CADDY BAG,59.0,720.0,633,
July,CAPIT SNACK ( BESAR ),10.0,108.0,116,
July,CASH BOX,4.0,,36,
July,CETING TRADISI ( BESAR ),115.0,112.0,195,
July,CETING TRADISI ( KECIL ),14.0,,469,
July,COOL BOX 55LTR,6.0,19.0,36,
July,DIGITAL CALIPER,7.0,,107,
July,DISPENSER,14.0,,51,
July,DISPENSER SABUN KRISBOW,63.0,197.0,588,
July,DITEKTOR UANG PALSU,24.0,,64,
July,DUST BIN KUNING 240 LTR (TEMPAT SAMPAH),36.0,7.0,12,
July,DUSTBIN STAINLESS BULAT,12.0,111.0,151,
July,EMBER,9.0,12.0,82,
July,EMBER 6 GL,24.0,,49,
July,EROS MELAMINE UK BESAR,34.0,,16,
July,EROS STAINLESS UK 30 CC,22.0,,333,
July,EROS STAINLESS UK 60 CC,15.0,,204,
July,EROS STAINLESS UK 90 CC,15.0,,182,
July,EROS STAINLESS UK BESAR,9.0,,104,
July,FILLING KABINET,7.0,,21,
July,FOOD PAN KECIL,17.0,,56,
July,GARPU ADUKAN MIE,13.0,36.0,29,
July,GARPU MAKAN,60.0,,792,
July,GAS BURNER ( LONG SHUN ),9.0,,41,MAINTENANCE
July,GAS KNOP DIA 8 MM W,81.0,245.0,436,MAINTENANCE
July,GAS KNOP F/JP SERIES,139.0,70.0,376,MAINTENANCE
July,GAS VALVE HIGH PREASURE (CONTROL SE),2.0,,48,MAINTENANCE
July,GAS VALVE HP DOUBLE TURBO,,,122,MAINTENANCE
July,GELAS KARYAWAN,1291.0,1200.0,2781,
July,GELAS MINUMAN HANGAT,447.0,,871,
July,GELAS TEA,10062.0,,23991,
July,GELAS UKUR 130 ML,44.0,,146,
July,GOLOK,18.0,10.0,268,
July,HAND DRAYER,5.0,17.0,37,
July,HARD COVER HIMBAUAN,22.0,,101,
July,HARD COVER MENU DIMSUM,100.0,,317,
July,JIGGER UK 20/30,15.0,,66,
July,JIGGER UK 20/40,19.0,,70,
July,JIGGER UK 30/40,17.0,,57,
July,KESET KOTAK KARET LUBANG,40.0,253.0,292,
July,KLAKAT DIMSUM,527.0,,,
July,KLAKAT PREMIUM,15575.0,32177.0,27757,
July,KNOP BOILER/WATER TAP HEAD,79.0,60.0,267,MAINTENANCE
July,KNOP F/GAS COOK DIAL,14.0,10.0,112,MAINTENANCE
July,KONTAINER PERFORATED,20.0,64.0,92,
July,KONTAINER SOLID,12.0,20.0,43,
July,LADIES STICKER,24.0,,170,
July,LEFT WATER TAP-RIGHT 02303964 (PD.2458E2,31.0,20.0,175,MAINTENANCE
July,LOCKER SET,46.0,,109,
July,LOGGER,75.0,66.0,115,
July,MAGNET D 22 W/TREADED BOLT (SP),20.0,15.0,31,MAINTENANCE
July,MESIN CUP SEALER,14.0,,53,
July,MOB BUCKET (ALAT PEL SET),6.0,,90,
July,MUKENA,19.0,,355,
July,NAMPAN KARET BULAT,46.0,,242,
July,NAMPAN KARET KOTAK (DIMSUM),906.0,1219.0,915,
July,NAMPAN KAYU KOTAK,149.0,,245,
July,PALLET BIRU (DRY),87.0,100.0,73,
July,PALLET HIJAU (FROZEN),46.0,,152,
July,PANCI DANDANG DIMSUM UK 36,29.0,56.0,44,
July,PANCI ENDAPAN MINYAK UK 40,18.0,17.0,20,
July,PANCI KUKUS TAHU UK 36,3.0,9.0,31,
July,PANCI MIE,1679.0,4800.0,11349,
July,PANCI ORCHID UK 28,9.0,18.0,24,
July,PANCI ORCHID UK 32 CM,29.0,,48,
July,PANCI ORCHID UK 36,28.0,,51,
July,PAPAN AWAS LANTAI LICIN,12.0,60.0,77,
July,PAPAN TULIS,12.0,,47,
July,PEMATIK KOMPOR,137.0,262.0,183,MAINTENANCE
July,PEMBATAS ANTRIAN,101.0,211.0,94,
July,PEMUKUL DAGING,18.0,,156,
July,PIEZO IGNITER UK 18.MM,145.0,50.0,416,MAINTENANCE
July,PILOT 250 MM (KOMPOR HIGH PREASURE),2.0,,77,MAINTENANCE
July,PILOT BURNER F/BUNSEN,99.0,55.0,302,MAINTENANCE
July,PILOT SW 9000 (SP),30.0,35.0,47,MAINTENANCE
July,PIRING HAWAI BLACK,2557.0,3081.0,35352,
July,PISAU BUAH BESAR,102.0,,50,
July,PISAU BUAH KECIL,75.0,53.0,69,
July,PISAU GILING DAGING,53.0,,154,
July,PRAXIS KEEPER UK 900ML,63.0,,361,
July,PUMP DISPENSER,7.0,,135,
July,RAK GALON OJOL,5.0,,15,
July,RAK KONTAINER KECIL,13.0,,48,
July,RAK MUKENA,5.0,,76,
July,RAK PENITIPAN BARANG CUSTOMER,6.0,,94,
July,RAK SEPATU KARYAWAN,15.0,2.0,62,
July,REGULATOR,20.0,,86,MAINTENANCE
July,SAFETY GAS COOK (GASVALVE GS3878)8325183,20.0,,138,MAINTENANCE
July,SAFETY GAS VALVE WITH INLET BRACKET&SREW,61.0,20.0,199,MAINTENANCE
July,SAJADAH,22.0,,300,
July,SARINGAN MIE,1214.0,1198.0,692,
July,SARINGAN MINYAK,79.0,,92,
July,SARINGAN TEH GACOAN,60.0,,329,
July,SARUNG,21.0,,212,
July,SCALE OFF (PEMBERSIH TANGKI BOILER),96.0,100.0,142,
July,SEAL PACK 3.5 LTR/3500 ML,381.0,772.0,436,
July,SEAL PACK DIMSUM,418.0,371.0,329,
July,SEAL PACK POWDER,154.0,,156,
July,SENDOK ES STAINLESS,60.0,,256,
July,SENDOK MAKAN STAINLESS,24.0,,1500,
July,SENDOK TAKAR 12 GRM,67.0,,5559,
July,SENDOK TAKAR PLASTIK,81.0,,337,
July,SENDOK TAKAR STAINLESS,92.0,,871,
July,SEROK BESAR KAWAT,108.0,112.0,61,
July,SEROK ICE,54.0,7.0,463,
July,SHAKER 750,90.0,,455,
July,SPATULA MIE IBLIS ( SODET COKLAT ),98.0,,234,
July,SPATULA STAINLESS,138.0,,385,
July,STEMPEL,18.0,,310,
July,STICK PENGGANTI LAMPU,7.0,,62,
July,STIK DRUM,140.0,135.0,37,
July,STRAINER BOWL STAINLESS LUBANG BASKOM KECIL,90.0,,1521,
July,SUTIL,57.0,30.0,41,
July,TALENAN PLASTIK,27.0,,63,
July,TANGGA 3 METER,5.0,,88,
July,TANGKI BOILER,,,14,MAINTENANCE
July,TEKO BESAR ( BIANG TEH ),37.0,41.0,42,
July,TEMPAT SAMPAH 80 L (TERTUTUP & INJAK),41.0,281.0,268,
July,TEMPAT SAMPAH ABU-ABU 20 LTR,44.0,115.0,90,
July,TEMPAT SAMPAH BESAR UK 80 LTR,15.0,,37,
July,TEMPAT SAMPAH KECIL UK 10 LTR,58.0,140.0,139,
July,TEMPAT SENDOK,,17.0,37,
July,TEMPAT SENDOK FELICIA JUMBO,12.0,360.0,463,
July,TEMPAT TIMER,9.0,,60,
July,TERMOGUN,26.0,,294,
July,TERMOMETER,27.0,15.0,367,
July,TERMOS AIR,19.0,,31,
July,THERMOCOUPLE,109.0,45.0,357,MAINTENANCE
July,"THERMOCOUPLE 2C 24"" GS 2185 (GRIDLE)",2.0,55.0,63,MAINTENANCE
July,TIMBANGAN 100 KG,9.0,,48,
July,TIMBANGAN DIGITAL FORTUNO 30 KG,31.0,,293,
July,TIMBANGAN DIGITAL KECIL,11.0,27.0,18,
July,TIMER DIGITAL,710.0,540.0,485,
July,TOOL BOX,8.0,,33,
July,TOPLES UK 18 LTR,651.0,1003.0,513,
July,TOPLES UK 4 LTR,161.0,40.0,191,
July,TOPLES UK 9 LTR,254.0,399.0,302,
July,TOWEL,2585.0,,35834,
July,TROLLI CLEAR UP,53.0,,188,
July,TROLLI LOADING,12.0,25.0,63,
July,WAJAN BESI UK 50',39.0,50.0,85,
July,WAJAN BESI UK 70',19.0,15.0,99,
August,AKRILIC PRINTER,35.0,,218,
August,ALAT PEL,35.0,42.0,98,
August,ALAT PEMADAM KEBAKARAN ( APAR ),6.0,,1,
August,AMBRO FLATWARE BASKET,21.0,10.0,62,
August,APAR POWDER 3KG,11.0,18.0,21,
August,APAR TIPE K 6KG,5.0,9.0,11,
August,ASBAK,327.0,383.0,349,
August,BABY CHAIR,20.0,100.0,204,
August,BAK THAWING BULAT 80 L,,,,
August,BALON WHISK,26.0,39.0,46,
August,BASKOM KOTAK BESAR,131.0,344.0,367,
August,BASKOM STAINLESS 12 CM,25.0,,110,
August,BASKOM STAINLESS 18 CM,67.0,193.0,250,
August,BASKOM STAINLESS UK 14 CM,11.0,,58,
August,BASKOM STAINLESS UK 26 CM,17.0,23.0,30,
August,BILL HOLDER,31.0,,481,
August,BOTOL DIPPING BESAR,20.0,,267,
August,BOTOL KECAP KECIL,173.0,354.0,398,
August,BOTOL SPRAY,197.0,,1730,
August,BURNER GS UK 9 NP,,20.0,61,MAINTENANCE
August,CADDY BAG,43.0,,590,
August,CAPIT SNACK ( BESAR ),129.0,99.0,86,
August,CASH BOX,7.0,,29,
August,CETING TRADISI ( BESAR ),113.0,259.0,341,
August,CETING TRADISI ( KECIL ),41.0,,428,
August,COOL BOX 55LTR,15.0,,21,
August,DIGITAL CALIPER,9.0,,123,
August,DISPENSER,18.0,,32,
August,DISPENSER SABUN KRISBOW,59.0,,529,
August,DITEKTOR UANG PALSU,20.0,20.0,64,
August,DUST BIN KUNING 240 LTR (TEMPAT SAMPAH),28.0,54.0,33,
August,DUSTBIN STAINLESS BULAT,9.0,,142,
August,EMBER,13.0,,69,
August,EMBER 6 GL,24.0,14.0,39,
August,EROS MELAMINE UK BESAR,22.0,52.0,46,
August,EROS STAINLESS UK 30 CC,30.0,,303,
August,EROS STAINLESS UK 60 CC,20.0,,184,
August,EROS STAINLESS UK 90 CC,19.0,,163,
August,EROS STAINLESS UK BESAR,6.0,,98,
August,FILLING KABINET,8.0,25.0,38,
August,FOOD PAN KECIL,39.0,57.0,74,
August,GARPU ADUKAN MIE,30.0,22.0,21,
August,GARPU MAKAN,,,792,
August,GAS BURNER ( LONG SHUN ),5.0,,36,MAINTENANCE
August,GAS KNOP DIA 8 MM W,103.0,,333,MAINTENANCE
August,GAS KNOP F/JP SERIES,125.0,,251,MAINTENANCE
August,GAS VALVE HIGH PREASURE (CONTROL SE),23.0,,25,MAINTENANCE
August,GAS VALVE HP DOUBLE TURBO,25.0,,97,MAINTENANCE
August,GELAS KARYAWAN,939.0,,3042,
August,GELAS MINUMAN HANGAT,341.0,282.0,812,
August,GELAS TEA,7469.0,,16522,
August,GELAS UKUR 130 ML,56.0,,90,
August,GOLOK,25.0,,243,
August,HAND DRAYER,8.0,,29,
August,HARD COVER HIMBAUAN,32.0,,69,
August,HARD COVER MENU DIMSUM,90.0,,227,
August,JIGGER UK 20/30,16.0,15.0,65,
August,JIGGER UK 20/40,19.0,18.0,69,
August,JIGGER UK 30/40,17.0,22.0,62,
August,KESET KOTAK KARET LUBANG,44.0,,248,
August,KLAKAT DIMSUM,,,,
August,KLAKAT PREMIUM,4950.0,,22807,
August,KNOP BOILER/WATER TAP HEAD,47.0,,220,MAINTENANCE
August,KNOP F/GAS COOK DIAL,65.0,20.0,67,MAINTENANCE
August,KONTAINER PERFORATED,30.0,94.0,156,
August,KONTAINER SOLID,18.0,75.0,100,
August,LADIES STICKER,16.0,,154,
August,LEFT WATER TAP-RIGHT 02303964 (PD.2458E2,2.0,,173,MAINTENANCE
August,LOCKER SET,50.0,2.0,61,
August,LOGGER,366.0,444.0,193,
August,MAGNET D 22 W/TREADED BOLT (SP),7.0,,24,MAINTENANCE
August,MESIN CUP SEALER,8.0,,45,
August,MOB BUCKET (ALAT PEL SET),7.0,,83,
August,MUKENA,27.0,,328,
August,NAMPAN KARET BULAT,30.0,,212,
August,NAMPAN KARET KOTAK (DIMSUM),447.0,300.0,468,
August,NAMPAN KAYU KOTAK,597.0,732.0,380,
August,PALLET BIRU (DRY),43.0,,30,
August,PALLET HIJAU (FROZEN),51.0,50.0,151,
August,PANCI DANDANG DIMSUM UK 36,47.0,56.0,56,
August,PANCI ENDAPAN MINYAK UK 40,16.0,28.0,32,
August,PANCI KUKUS TAHU UK 36,3.0,8.0,36,
August,PANCI MIE,1534.0,,9815,
August,PANCI ORCHID UK 28,15.0,7.0,16,
August,PANCI ORCHID UK 32 CM,24.0,38.0,64,
August,PANCI ORCHID UK 36,42.0,69.0,76,
August,PAPAN AWAS LANTAI LICIN,17.0,,60,
August,PAPAN TULIS,12.0,,35,
August,PEMATIK KOMPOR,262.0,295.0,216,MAINTENANCE
August,PEMBATAS ANTRIAN,39.0,45.0,100,
August,PEMUKUL DAGING,30.0,,124,
August,PIEZO IGNITER UK 18.MM,19.0,,397,MAINTENANCE
August,PILOT 250 MM (KOMPOR HIGH PREASURE),13.0,,64,MAINTENANCE
August,PILOT BURNER F/BUNSEN,21.0,,281,MAINTENANCE
August,PILOT SW 9000 (SP),8.0,,39,MAINTENANCE
August,PIRING HAWAI BLACK,2551.0,,32801,
August,PISAU BUAH BESAR,107.0,225.0,167,
August,PISAU BUAH KECIL,154.0,229.0,144,
August,PISAU GILING DAGING,23.0,10.0,141,
August,PRAXIS KEEPER UK 900ML,58.0,,303,
August,PUMP DISPENSER,15.0,,120,
August,RAK GALON OJOL,,,15,
August,RAK KONTAINER KECIL,16.0,24.0,56,
August,RAK MUKENA,7.0,,69,
August,RAK PENITIPAN BARANG CUSTOMER,7.0,,87,
August,RAK SEPATU KARYAWAN,6.0,,55,
August,REGULATOR,40.0,,46,MAINTENANCE
August,SAFETY GAS COOK (GASVALVE GS3878)8325183,10.0,,128,MAINTENANCE
August,SAFETY GAS VALVE WITH INLET BRACKET&SREW,6.0,,193,MAINTENANCE
August,SAJADAH,26.0,,274,
August,SARINGAN MIE,1299.0,1276.0,669,
August,SARINGAN MINYAK,77.0,70.0,85,
August,SARINGAN TEH GACOAN,59.0,,270,
August,SARUNG,26.0,,186,
August,SCALE OFF (PEMBERSIH TANGKI BOILER),143.0,100.0,99,
August,SEAL PACK 3.5 LTR/3500 ML,419.0,602.0,618,
August,SEAL PACK DIMSUM,369.0,788.0,748,
August,SEAL PACK POWDER,149.0,101.0,108,
August,SENDOK ES STAINLESS,47.0,60.0,269,
August,SENDOK MAKAN STAINLESS,36.0,,1464,
August,SENDOK TAKAR 12 GRM,70.0,,5489,
August,SENDOK TAKAR PLASTIK,60.0,,277,
August,SENDOK TAKAR STAINLESS,143.0,,728,
August,SEROK BESAR KAWAT,61.0,27.0,27,
August,SEROK ICE,50.0,,413,
August,SHAKER 750,75.0,,380,
August,SPATULA MIE IBLIS ( SODET COKLAT ),121.0,,113,
August,SPATULA STAINLESS,167.0,,218,
August,STEMPEL,24.0,,286,
August,STICK PENGGANTI LAMPU,8.0,,54,
August,STIK DRUM,181.0,274.0,130,
August,STRAINER BOWL STAINLESS LUBANG BASKOM KECIL,130.0,,1391,
August,SUTIL,54.0,79.0,63,
August,TALENAN PLASTIK,31.0,48.0,80,
August,TANGGA 3 METER,8.0,,80,
August,TANGKI BOILER,6.0,,8,MAINTENANCE
August,TEKO BESAR ( BIANG TEH ),32.0,58.0,68,
August,TEMPAT SAMPAH 80 L (TERTUTUP & INJAK),38.0,,230,
August,TEMPAT SAMPAH ABU-ABU 20 LTR,70.0,87.0,107,
August,TEMPAT SAMPAH BESAR UK 80 LTR,26.0,,11,
August,TEMPAT SAMPAH KECIL UK 10 LTR,61.0,85.0,163,
August,TEMPAT SENDOK,,,37,
August,TEMPAT SENDOK FELICIA JUMBO,19.0,,444,
August,TEMPAT TIMER,60.0,60.0,,
August,TERMOGUN,27.0,15.0,282,
August,TERMOMETER,59.0,300.0,609,
August,TERMOS AIR,27.0,55.0,59,
August,THERMOCOUPLE,23.0,,334,MAINTENANCE
August,"THERMOCOUPLE 2C 24"" GS 2185 (GRIDLE)",33.0,30.0,60,MAINTENANCE
August,TIMBANGAN 100 KG,15.0,,31,
August,TIMBANGAN DIGITAL FORTUNO 30 KG,31.0,,262,
August,TIMBANGAN DIGITAL KECIL,81.0,126.0,63,
August,TIMER DIGITAL,505.0,1064.0,903,
August,TOOL BOX,11.0,,22,
August,TOPLES UK 18 LTR,621.0,390.0,282,
August,TOPLES UK 4 LTR,174.0,238.0,255,
August,TOPLES UK 9 LTR,346.0,396.0,352,
August,TOWEL,2205.0,,33629,
August,TROLLI CLEAR UP,32.0,70.0,226,
August,TROLLI LOADING,10.0,,49,
August,WAJAN BESI UK 50',37.0,,48,
August,WAJAN BESI UK 70',33.0,,66,
September,AKRILIC PRINTER,24.0,,194,
September,ALAT PEL,20.0,65.0,141,
September,ALAT PEMADAM KEBAKARAN ( APAR ),3.0,41.0,39,
September,AMBRO FLATWARE BASKET,2.0,,60,
September,APAR POWDER 3KG,4.0,60.0,77,
September,APAR TIPE K 6KG,2.0,30.0,39,
September,ASBAK,139.0,328.0,538,
September,BABY CHAIR,8.0,7.0,203,
September,BAK THAWING BULAT 80 L,,32.0,32,
September,BALON WHISK,14.0,62.0,94,
September,BASKOM KOTAK BESAR,49.0,251.0,569,
September,BASKOM STAINLESS 12 CM,23.0,14.0,101,
September,BASKOM STAINLESS 18 CM,58.0,161.0,353,
September,BASKOM STAINLESS UK 14 CM,19.0,,39,
September,BASKOM STAINLESS UK 26 CM,13.0,,17,
September,BILL HOLDER,25.0,,456,
September,BOTOL DIPPING BESAR,20.0,,247,
September,BOTOL KECAP KECIL,202.0,391.0,587,
September,BOTOL SPRAY,169.0,4.0,1565,
September,BURNER GS UK 9 NP,6.0,,55,MAINTENANCE
September,CADDY BAG,13.0,,577,
September,CAPIT SNACK ( BESAR ),70.0,174.0,190,
September,CASH BOX,3.0,23.0,49,
September,CETING TRADISI ( BESAR ),65.0,206.0,482,
September,CETING TRADISI ( KECIL ),10.0,,418,
September,COOL BOX 55LTR,2.0,,19,
September,DIGITAL CALIPER,3.0,25.0,120,
September,DISPENSER,9.0,15.0,38,
September,DISPENSER SABUN KRISBOW,15.0,,514,
September,DITEKTOR UANG PALSU,17.0,,47,
September,DUST BIN KUNING 240 LTR (TEMPAT SAMPAH),17.0,,84,
September,DUSTBIN STAINLESS BULAT,2.0,,140,
September,EMBER,3.0,50.0,116,
September,EMBER 6 GL,12.0,32.0,59,
September,EROS MELAMINE UK BESAR,14.0,2.0,34,
September,EROS STAINLESS UK 30 CC,13.0,,290,
September,EROS STAINLESS UK 60 CC,11.0,,173,
September,EROS STAINLESS UK 90 CC,7.0,,156,
September,EROS STAINLESS UK BESAR,4.0,,94,
September,FILLING KABINET,2.0,,36,
September,FOOD PAN KECIL,13.0,42.0,103,
September,GARPU ADUKAN MIE,218.0,240.0,363,
September,GARPU MAKAN,36.0,,756,
September,GAS BURNER ( LONG SHUN ),2.0,,34,MAINTENANCE
September,GAS KNOP DIA 8 MM W,12.0,,321,MAINTENANCE
September,GAS KNOP F/JP SERIES,15.0,,236,MAINTENANCE
September,GAS VALVE HIGH PREASURE (CONTROL SE),1.0,,24,MAINTENANCE
September,GAS VALVE HP DOUBLE TURBO,2.0,,95,MAINTENANCE
September,GELAS KARYAWAN,877.0,1200.0,2165,
September,GELAS MINUMAN HANGAT,353.0,678.0,1137,
September,GELAS TEA,7107.0,2845.0,12310,
September,GELAS UKUR 130 ML,28.0,77.0,139,
September,GOLOK,10.0,,233,
September,HAND DRAYER,2.0,,27,
September,HARD COVER HIMBAUAN,10.0,131.0,190,
September,HARD COVER MENU DIMSUM,28.0,,199,
September,JIGGER UK 20/30,11.0,43.0,97,
September,JIGGER UK 20/40,6.0,35.0,98,
September,JIGGER UK 30/40,6.0,36.0,92,
September,KESET KOTAK KARET LUBANG,21.0,50.0,277,
September,KLAKAT DIMSUM,,,,
September,KLAKAT PREMIUM,1698.0,,21109,
September,KNOP BOILER/WATER TAP HEAD,22.0,,198,MAINTENANCE
September,KNOP F/GAS COOK DIAL,14.0,,53,MAINTENANCE
September,KONTAINER PERFORATED,10.0,69.0,215,
September,KONTAINER SOLID,6.0,51.0,140,
September,LADIES STICKER,4.0,,150,
September,LEFT WATER TAP-RIGHT 02303964 (PD.2458E2,1.0,,172,MAINTENANCE
September,LOCKER SET,17.0,171.0,215,
September,LOGGER,113.0,217.0,297,
September,MAGNET D 22 W/TREADED BOLT (SP),2.0,,22,MAINTENANCE
September,MESIN CUP SEALER,6.0,,39,
September,MOB BUCKET (ALAT PEL SET),5.0,,78,
September,MUKENA,8.0,,318,
September,NAMPAN KARET BULAT,10.0,,202,
September,NAMPAN KARET KOTAK (DIMSUM),133.0,,335,
September,NAMPAN KAYU KOTAK,451.0,989.0,918,
September,PALLET BIRU (DRY),15.0,,15,
September,PALLET HIJAU (FROZEN),26.0,,125,
September,PANCI DANDANG DIMSUM UK 36,28.0,73.0,102,
September,PANCI ENDAPAN MINYAK UK 40,11.0,73.0,94,
September,PANCI KUKUS TAHU UK 36,3.0,26.0,59,
September,PANCI MIE,734.0,,9081,
September,PANCI ORCHID UK 28,5.0,18.0,29,
September,PANCI ORCHID UK 32 CM,18.0,45.0,91,
September,PANCI ORCHID UK 36,26.0,83.0,133,
September,PAPAN AWAS LANTAI LICIN,4.0,,56,
September,PAPAN TULIS,5.0,27.0,57,
September,PEMATIK KOMPOR,90.0,326.0,452,MAINTENANCE
September,PEMBATAS ANTRIAN,8.0,,92,
September,PEMUKUL DAGING,16.0,,108,
September,PIEZO IGNITER UK 18.MM,7.0,,390,MAINTENANCE
September,PILOT 250 MM (KOMPOR HIGH PREASURE),1.0,,63,MAINTENANCE
September,PILOT BURNER F/BUNSEN,9.0,,272,MAINTENANCE
September,PILOT SW 9000 (SP),5.0,,34,MAINTENANCE
September,PIRING HAWAI BLACK,1350.0,,31451,
September,PISAU BUAH BESAR,114.0,153.0,206,
September,PISAU BUAH KECIL,86.0,111.0,169,
September,PISAU GILING DAGING,6.0,4.0,135,
September,PRAXIS KEEPER UK 900ML,39.0,,264,
September,PUMP DISPENSER,3.0,,117,
September,RAK GALON OJOL,3.0,,12,
September,RAK KONTAINER KECIL,6.0,43.0,93,
September,RAK MUKENA,3.0,,66,
September,RAK PENITIPAN BARANG CUSTOMER,3.0,,84,
September,RAK SEPATU KARYAWAN,2.0,,53,
September,REGULATOR,7.0,,39,MAINTENANCE
September,SAFETY GAS COOK (GASVALVE GS3878)8325183,1.0,,127,MAINTENANCE
September,SAFETY GAS VALVE WITH INLET BRACKET&SREW,6.0,,187,MAINTENANCE
September,SAJADAH,9.0,75.0,340,
September,SARINGAN MIE,1297.0,1488.0,860,
September,SARINGAN MINYAK,63.0,121.0,143,
September,SARINGAN TEH GACOAN,34.0,,236,
September,SARUNG,9.0,75.0,252,
September,SCALE OFF (PEMBERSIH TANGKI BOILER),96.0,144.0,147,
September,SEAL PACK 3.5 LTR/3500 ML,159.0,426.0,885,
September,SEAL PACK DIMSUM,239.0,527.0,1036,
September,SEAL PACK POWDER,124.0,188.0,172,
September,SENDOK ES STAINLESS,19.0,192.0,442,
September,SENDOK MAKAN STAINLESS,72.0,,1392,
September,SENDOK TAKAR 12 GRM,58.0,,5431,
September,SENDOK TAKAR PLASTIK,44.0,,233,
September,SENDOK TAKAR STAINLESS,82.0,,646,
September,SEROK BESAR KAWAT,62.0,112.0,77,
September,SEROK ICE,35.0,,378,
September,SHAKER 750,52.0,,328,
September,SPATULA MIE IBLIS ( SODET COKLAT ),93.0,200.0,220,
September,SPATULA STAINLESS,72.0,,146,
September,STEMPEL,12.0,,274,
September,STICK PENGGANTI LAMPU,2.0,25.0,77,
September,STIK DRUM,130.0,214.0,214,
September,STRAINER BOWL STAINLESS LUBANG BASKOM KECIL,49.0,,1342,
September,SUTIL,50.0,92.0,103,
September,TALENAN PLASTIK,17.0,58.0,121,
September,TANGGA 3 METER,2.0,,78,
September,TANGKI BOILER,8.0,,,MAINTENANCE
September,TEKO BESAR ( BIANG TEH ),17.0,73.0,124,
September,TEMPAT SAMPAH 80 L (TERTUTUP & INJAK),14.0,126.0,342,
September,TEMPAT SAMPAH ABU-ABU 20 LTR,43.0,126.0,190,
September,TEMPAT SAMPAH BESAR UK 80 LTR,9.0,,2,
September,TEMPAT SAMPAH KECIL UK 10 LTR,24.0,90.0,229,
September,TEMPAT SENDOK,,,37,
September,TEMPAT SENDOK FELICIA JUMBO,6.0,,438,
September,TEMPAT TIMER,15.0,45.0,30,
September,TERMOGUN,29.0,,253,
September,TERMOMETER,32.0,,571,
September,TERMOS AIR,10.0,42.0,91,
September,THERMOCOUPLE,26.0,,308,MAINTENANCE
September,"THERMOCOUPLE 2C 24"" GS 2185 (GRIDLE)",2.0,,58,MAINTENANCE
September,TIMBANGAN 100 KG,8.0,6.0,23,
September,TIMBANGAN DIGITAL FORTUNO 30 KG,18.0,43.0,243,
September,TIMBANGAN DIGITAL KECIL,7.0,,56,
September,TIMER DIGITAL,599.0,636.0,940,
September,TOOL BOX,3.0,28.0,47,
September,TOPLES UK 18 LTR,275.0,1008.0,1015,
September,TOPLES UK 4 LTR,92.0,199.0,362,
September,TOPLES UK 9 LTR,226.0,491.0,617,
September,TOWEL,1633.0,,31996,
September,TROLLI CLEAR UP,13.0,,213,
September,TROLLI LOADING,6.0,,44,
September,WAJAN BESI UK 50',30.0,,18,
September,WAJAN BESI UK 70',16.0,,50,
October,AKRILIC PRINTER,35.0,,159,
October,ALAT PEL,31.0,42.0,128,
October,ALAT PEMADAM KEBAKARAN ( APAR ),5.0,,34,
October,AMBRO FLATWARE BASKET,4.0,,56,
October,APAR POWDER 3KG,10.0,,67,
October,APAR TIPE K 6KG,5.0,,34,
October,ASBAK,243.0,199.0,493,
October,BABY CHAIR,25.0,,178,
October,BAK THAWING BULAT 80 L,18.0,21.0,35,
October,BALON WHISK,23.0,26.0,97,
October,BASKOM KOTAK BESAR,87.0,51.0,533,
October,BASKOM STAINLESS 12 CM,19.0,52.0,134,
October,BASKOM STAINLESS 18 CM,44.0,45.0,354,
October,BASKOM STAINLESS UK 14 CM,25.0,19.0,33,
October,BASKOM STAINLESS UK 26 CM,9.0,13.0,21,
October,BILL HOLDER,17.0,,439,
October,BOTOL DIPPING BESAR,30.0,,217,
October,BOTOL KECAP KECIL,200.0,346.0,733,
October,BOTOL SPRAY,197.0,,1368,
October,BURNER GS UK 9 NP,4.0,30.0,81,MAINTENANCE
October,CADDY BAG,31.0,,546,
October,CAPIT SNACK ( BESAR ),54.0,13.0,149,
October,CASH BOX,5.0,10.0,54,
October,CETING TRADISI ( BESAR ),84.0,127.0,523,
October,CETING TRADISI ( KECIL ),8.0,,410,
October,COOL BOX 55LTR,7.0,32.0,44,
October,DIGITAL CALIPER,8.0,,112,
October,DISPENSER,11.0,26.0,51,
October,DISPENSER SABUN KRISBOW,25.0,,489,
October,DITEKTOR UANG PALSU,14.0,58.0,91,
October,DUST BIN KUNING 240 LTR (TEMPAT SAMPAH),10.0,68.0,74,
October,DUSTBIN STAINLESS BULAT,6.0,,134,
October,EMBER,2.0,,114,
October,EMBER 6 GL,14.0,11.0,56,
October,EROS MELAMINE UK BESAR,17.0,46.0,64,
October,EROS STAINLESS UK 30 CC,20.0,,270,
October,EROS STAINLESS UK 60 CC,15.0,,158,
October,EROS STAINLESS UK 90 CC,13.0,,143,
October,EROS STAINLESS UK BESAR,13.0,,81,
October,FILLING KABINET,5.0,21.0,52,
October,FOOD PAN KECIL,10.0,,93,
October,GARPU ADUKAN MIE,299.0,,1064,
October,GARPU MAKAN,24.0,,732,
October,GAS BURNER ( LONG SHUN ),26.0,,8,MAINTENANCE
October,GAS KNOP DIA 8 MM W,58.0,,263,MAINTENANCE
October,GAS KNOP F/JP SERIES,89.0,,147,MAINTENANCE
October,GAS VALVE HIGH PREASURE (CONTROL SE),12.0,16.0,28,MAINTENANCE
October,GAS VALVE HP DOUBLE TURBO,6.0,,89,MAINTENANCE
October,GELAS KARYAWAN,911.0,,1254,
October,GELAS MINUMAN HANGAT,397.0,510.0,1250,
October,GELAS TEA,10425.0,16608.0,18493,
October,GELAS UKUR 130 ML,48.0,134.0,226,
October,GOLOK,11.0,20.0,222,
October,HAND DRAYER,5.0,20.0,42,
October,HARD COVER HIMBAUAN,22.0,,168,
October,HARD COVER MENU DIMSUM,76.0,,123,
October,JIGGER UK 20/30,14.0,,83,
October,JIGGER UK 20/40,14.0,,84,
October,JIGGER UK 30/40,17.0,13.0,88,
October,KESET KOTAK KARET LUBANG,8.0,,268,
October,KLAKAT DIMSUM,,,,
October,KLAKAT PREMIUM,2550.0,,18559,
October,KNOP BOILER/WATER TAP HEAD,34.0,,164,MAINTENANCE
October,KNOP F/GAS COOK DIAL,48.0,,5,MAINTENANCE
October,KONTAINER PERFORATED,26.0,,189,
October,KONTAINER SOLID,12.0,1165.0,128,
October,LADIES STICKER,8.0,,142,
October,LEFT WATER TAP-RIGHT 02303964 (PD.2458E2,2.0,,170,MAINTENANCE
October,LOCKER SET,44.0,,171,
October,LOGGER,100.0,3.0,197,
October,MAGNET D 22 W/TREADED BOLT (SP),,,22,MAINTENANCE
October,MESIN CUP SEALER,8.0,,31,
October,MOB BUCKET (ALAT PEL SET),8.0,,70,
October,MUKENA,35.0,,283,
October,NAMPAN KARET BULAT,41.0,,161,
October,NAMPAN KARET KOTAK (DIMSUM),332.0,,3,
October,NAMPAN KAYU KOTAK,143.0,,775,
October,PALLET BIRU (DRY),12.0,,3,
October,PALLET HIJAU (FROZEN),44.0,,81,
October,PANCI DANDANG DIMSUM UK 36,33.0,31.0,100,
October,PANCI ENDAPAN MINYAK UK 40,22.0,9.0,81,
October,PANCI KUKUS TAHU UK 36,3.0,,56,
October,PANCI MIE,976.0,,8105,
October,PANCI ORCHID UK 28,8.0,,21,
October,PANCI ORCHID UK 32 CM,24.0,29.0,96,
October,PANCI ORCHID UK 36,36.0,8.0,105,
October,PAPAN AWAS LANTAI LICIN,10.0,37.0,83,
October,PAPAN TULIS,12.0,28.0,73,
October,PEMATIK KOMPOR,147.0,,305,MAINTENANCE
October,PEMBATAS ANTRIAN,17.0,,75,
October,PEMUKUL DAGING,17.0,,91,
October,PIEZO IGNITER UK 18.MM,30.0,,360,MAINTENANCE
October,PILOT 250 MM (KOMPOR HIGH PREASURE),42.0,,21,MAINTENANCE
October,PILOT BURNER F/BUNSEN,14.0,,258,MAINTENANCE
October,PILOT SW 9000 (SP),,,34,MAINTENANCE
October,PIRING HAWAI BLACK,2554.0,,28897,
October,PISAU BUAH BESAR,78.0,97.0,225,
October,PISAU BUAH KECIL,74.0,120.0,215,
October,PISAU GILING DAGING,11.0,,125,
October,PRAXIS KEEPER UK 900ML,61.0,35.0,238,
October,PUMP DISPENSER,4.0,,113,
October,RAK GALON OJOL,2.0,,10,
October,RAK KONTAINER KECIL,9.0,,84,
October,RAK MUKENA,6.0,,60,
October,RAK PENITIPAN BARANG CUSTOMER,5.0,,79,
October,RAK SEPATU KARYAWAN,10.0,,43,
October,REGULATOR,5.0,,34,MAINTENANCE
October,SAFETY GAS COOK (GASVALVE GS3878)8325183,1.0,,126,MAINTENANCE
October,SAFETY GAS VALVE WITH INLET BRACKET&SREW,11.0,,176,MAINTENANCE
October,SAJADAH,29.0,,307,
October,SARINGAN MIE,884.0,1670.0,1646,
October,SARINGAN MINYAK,85.0,83.0,147,
October,SARINGAN TEH GACOAN,43.0,,192,
October,SARUNG,28.0,,224,
October,SCALE OFF (PEMBERSIH TANGKI BOILER),130.0,100.0,117,
October,SEAL PACK 3.5 LTR/3500 ML,228.0,221.0,854,
October,SEAL PACK DIMSUM,315.0,609.0,1312,
October,SEAL PACK POWDER,61.0,30.0,141,
October,SENDOK ES STAINLESS,40.0,,402,
October,SENDOK MAKAN STAINLESS,36.0,,1356,
October,SENDOK TAKAR 12 GRM,65.0,,5366,
October,SENDOK TAKAR PLASTIK,46.0,,187,
October,SENDOK TAKAR STAINLESS,73.0,,573,
October,SEROK BESAR KAWAT,69.0,149.0,157,
October,SEROK ICE,46.0,7.0,332,
October,SHAKER 750,57.0,,271,
October,SPATULA MIE IBLIS ( SODET COKLAT ),84.0,82.0,218,
October,SPATULA STAINLESS,113.0,,33,
October,STEMPEL,32.0,10.0,252,
October,STICK PENGGANTI LAMPU,8.0,,69,
October,STIK DRUM,132.0,174.0,256,
October,STRAINER BOWL STAINLESS LUBANG BASKOM KECIL,95.0,,1246,
October,SUTIL,45.0,70.0,98,
October,TALENAN PLASTIK,26.0,37.0,132,
October,TANGGA 3 METER,6.0,,72,
October,TANGKI BOILER,,,,MAINTENANCE
October,TEKO BESAR ( BIANG TEH ),32.0,9.0,101,
October,TEMPAT SAMPAH 80 L (TERTUTUP & INJAK),19.0,,323,
October,TEMPAT SAMPAH ABU-ABU 20 LTR,44.0,63.0,209,
October,TEMPAT SAMPAH BESAR UK 80 LTR,2.0,,,
October,TEMPAT SAMPAH KECIL UK 10 LTR,44.0,53.0,238,
October,TEMPAT SENDOK,1.0,,36,
October,TEMPAT SENDOK FELICIA JUMBO,12.0,,426,
October,TEMPAT TIMER,9.0,,21,
October,TERMOGUN,36.0,,216,
October,TERMOMETER,56.0,130.0,645,
October,TERMOS AIR,22.0,22.0,91,
October,THERMOCOUPLE,59.0,,249,MAINTENANCE
October,"THERMOCOUPLE 2C 24"" GS 2185 (GRIDLE)",40.0,162.0,180,MAINTENANCE
October,TIMBANGAN 100 KG,13.0,39.0,49,
October,TIMBANGAN DIGITAL FORTUNO 30 KG,27.0,,216,
October,TIMBANGAN DIGITAL KECIL,21.0,38.0,35,
October,TIMER DIGITAL,486.0,969.0,1393,
October,TOOL BOX,6.0,,41,
October,TOPLES UK 18 LTR,283.0,360.0,1096,
October,TOPLES UK 4 LTR,100.0,94.0,356,
October,TOPLES UK 9 LTR,250.0,279.0,645,
October,TOWEL,2252.0,,29744,
October,TROLLI CLEAR UP,23.0,,190,
October,TROLLI LOADING,12.0,,31,
October,WAJAN BESI UK 50',31.0,122.0,109,
October,WAJAN BESI UK 70',19.0,84.0,115,
November,AKRILIC PRINTER,41.0,4.0,122,
November,ALAT PEL,28.0,,100,
November,ALAT PEMADAM KEBAKARAN ( APAR ),7.0,19.0,46,
November,AMBRO FLATWARE BASKET,7.0,1.0,50,
November,APAR POWDER 3KG,14.0,30.0,83,
November,APAR TIPE K 6KG,7.0,14.0,41,
November,ASBAK,255.0,,237,
November,BABY CHAIR,25.0,,153,
November,BAK THAWING BULAT 80 L,15.0,30.0,50,
November,BALON WHISK,28.0,45.0,114,
November,BASKOM KOTAK BESAR,120.0,,513,
November,BASKOM STAINLESS 12 CM,37.0,,97,
November,BASKOM STAINLESS 18 CM,84.0,,270,
November,BASKOM STAINLESS UK 14 CM,11.0,,22,
November,BASKOM STAINLESS UK 26 CM,13.0,20.0,28,
November,BILL HOLDER,5.0,,434,
November,BOTOL DIPPING BESAR,9.0,,209,
November,BOTOL KECAP KECIL,193.0,200.0,740,
November,BOTOL SPRAY,255.0,,1119,
November,BURNER GS UK 9 NP,14.0,,67,MAINTENANCE
November,CADDY BAG,54.0,,491,
November,CAPIT SNACK ( BESAR ),71.0,60.0,134,
November,CASH BOX,8.0,,46,
November,CETING TRADISI ( BESAR ),118.0,80.0,485,
November,CETING TRADISI ( KECIL ),13.0,,397,
November,COOL BOX 55LTR,8.0,1.0,37,
November,DIGITAL CALIPER,11.0,,101,
November,DISPENSER,11.0,1.0,41,
November,DISPENSER SABUN KRISBOW,38.0,4.0,455,
November,DITEKTOR UANG PALSU,32.0,25.0,84,
November,DUST BIN KUNING 240 LTR (TEMPAT SAMPAH),18.0,,57,
November,DUSTBIN STAINLESS BULAT,9.0,,125,
November,EMBER,2.0,,112,
November,EMBER 6 GL,15.0,,41,
November,EROS MELAMINE UK BESAR,19.0,,45,
November,EROS STAINLESS UK 30 CC,38.0,,232,
November,EROS STAINLESS UK 60 CC,22.0,,136,
November,EROS STAINLESS UK 90 CC,25.0,,118,
November,EROS STAINLESS UK BESAR,12.0,,69,
November,FILLING KABINET,8.0,,44,
November,FOOD PAN KECIL,27.0,25.0,91,
November,GARPU ADUKAN MIE,82.0,2127.0,1789,
November,GARPU MAKAN,12.0,,720,
November,GAS BURNER ( LONG SHUN ),8.0,,,MAINTENANCE
November,GAS KNOP DIA 8 MM W,29.0,,237,MAINTENANCE
November,GAS KNOP F/JP SERIES,43.0,,106,MAINTENANCE
November,GAS VALVE HIGH PREASURE (CONTROL SE),12.0,19.0,35,MAINTENANCE
November,GAS VALVE HP DOUBLE TURBO,13.0,,77,MAINTENANCE
November,GELAS KARYAWAN,847.0,,467,
November,GELAS MINUMAN HANGAT,309.0,,1037,
November,GELAS TEA,12783.0,,5860,
November,GELAS UKUR 130 ML,71.0,,155,
November,GOLOK,16.0,,206,
November,HAND DRAYER,9.0,1.0,34,
November,HARD COVER HIMBAUAN,38.0,100.0,230,
November,HARD COVER MENU DIMSUM,87.0,130.0,166,
November,JIGGER UK 20/30,23.0,,60,
November,JIGGER UK 20/40,21.0,,63,
November,JIGGER UK 30/40,27.0,,61,
November,KESET KOTAK KARET LUBANG,9.0,,259,
November,KLAKAT DIMSUM,,,,
November,KLAKAT PREMIUM,4116.0,,14493,
November,KNOP BOILER/WATER TAP HEAD,16.0,,148,MAINTENANCE
November,KNOP F/GAS COOK DIAL,22.0,20.0,5,MAINTENANCE
November,KONTAINER PERFORATED,35.0,,154,
November,KONTAINER SOLID,21.0,677.0,107,
November,LADIES STICKER,18.0,,124,
November,LEFT WATER TAP-RIGHT 02303964 (PD.2458E2,7.0,,163,MAINTENANCE
November,LOCKER SET,57.0,8.0,122,
November,LOGGER,173.0,498.0,522,
November,MAGNET D 22 W/TREADED BOLT (SP),2.0,,20,MAINTENANCE
November,MESIN CUP SEALER,12.0,16.0,35,
November,MOB BUCKET (ALAT PEL SET),8.0,1.0,63,
November,MUKENA,29.0,,254,
November,NAMPAN KARET BULAT,45.0,,116,
November,NAMPAN KARET KOTAK (DIMSUM),371.0,5448.0,5085,
November,NAMPAN KAYU KOTAK,163.0,,612,
November,PALLET BIRU (DRY),18.0,20.0,35,
November,PALLET HIJAU (FROZEN),61.0,75.0,103,
November,PANCI DANDANG DIMSUM UK 36,43.0,2.0,89,
November,PANCI ENDAPAN MINYAK UK 40,25.0,3.0,84,
November,PANCI KUKUS TAHU UK 36,5.0,,51,
November,PANCI MIE,1548.0,,6557,
November,PANCI ORCHID UK 28,8.0,10.0,23,
November,PANCI ORCHID UK 32 CM,23.0,1.0,74,
November,PANCI ORCHID UK 36,47.0,2.0,60,
November,PAPAN AWAS LANTAI LICIN,16.0,2.0,69,
November,PAPAN TULIS,15.0,25.0,83,
November,PEMATIK KOMPOR,121.0,,182,MAINTENANCE
November,PEMBATAS ANTRIAN,23.0,3.0,55,
November,PEMUKUL DAGING,28.0,2.0,63,
November,PIEZO IGNITER UK 18.MM,17.0,,343,MAINTENANCE
November,PILOT 250 MM (KOMPOR HIGH PREASURE),19.0,,5,MAINTENANCE
November,PILOT BURNER F/BUNSEN,17.0,,241,MAINTENANCE
November,PILOT SW 9000 (SP),7.0,,27,MAINTENANCE
November,PIRING HAWAI BLACK,3403.0,,25494,
November,PISAU BUAH BESAR,99.0,100.0,225,
November,PISAU BUAH KECIL,100.0,150.0,264,
November,PISAU GILING DAGING,9.0,2.0,118,
November,PRAXIS KEEPER UK 900ML,45.0,,273,
November,PUMP DISPENSER,7.0,,106,
November,RAK GALON OJOL,,,10,
November,RAK KONTAINER KECIL,15.0,,69,
November,RAK MUKENA,9.0,1.0,52,
November,RAK PENITIPAN BARANG CUSTOMER,7.0,1.0,73,
November,RAK SEPATU KARYAWAN,5.0,,38,
November,REGULATOR,27.0,,7,MAINTENANCE
November,SAFETY GAS COOK (GASVALVE GS3878)8325183,4.0,,122,MAINTENANCE
November,SAFETY GAS VALVE WITH INLET BRACKET&SREW,21.0,,155,MAINTENANCE
November,SAJADAH,24.0,,282,
November,SARINGAN MIE,1666.0,1167.0,1145,
November,SARINGAN MINYAK,79.0,100.0,168,
November,SARINGAN TEH GACOAN,52.0,,140,
November,SARUNG,24.0,,200,
November,SCALE OFF (PEMBERSIH TANGKI BOILER),145.0,130.0,102,
November,SEAL PACK 3.5 LTR/3500 ML,297.0,250.0,807,
November,SEAL PACK DIMSUM,457.0,400.0,1255,
November,SEAL PACK POWDER,90.0,150.0,201,
November,SENDOK ES STAINLESS,50.0,,352,
November,SENDOK MAKAN STAINLESS,72.0,,1284,
November,SENDOK TAKAR 12 GRM,98.0,,5268,
November,SENDOK TAKAR PLASTIK,82.0,80.0,185,
November,SENDOK TAKAR STAINLESS,95.0,,477,
November,SEROK BESAR KAWAT,84.0,40.0,113,
November,SEROK ICE,45.0,4.0,283,
November,SHAKER 750,97.0,,244,
November,SPATULA MIE IBLIS ( SODET COKLAT ),116.0,,102,
November,SPATULA STAINLESS,89.0,159.0,103,
November,STEMPEL,43.0,,209,
November,STICK PENGGANTI LAMPU,10.0,10.0,69,
November,STIK DRUM,112.0,,144,
November,STRAINER BOWL STAINLESS LUBANG BASKOM KECIL,162.0,1504.0,2588,
November,SUTIL,61.0,88.0,117,
November,TALENAN PLASTIK,35.0,40.0,141,
November,TANGGA 3 METER,8.0,,64,
November,TANGKI BOILER,,,,MAINTENANCE
November,TEKO BESAR ( BIANG TEH ),36.0,50.0,114,
November,TEMPAT SAMPAH 80 L (TERTUTUP & INJAK),28.0,3.0,298,
November,TEMPAT SAMPAH ABU-ABU 20 LTR,75.0,4.0,138,
November,TEMPAT SAMPAH BESAR UK 80 LTR,,1.0,1,
November,TEMPAT SAMPAH KECIL UK 10 LTR,72.0,7.0,173,
November,TEMPAT SENDOK,2.0,,34,
November,TEMPAT SENDOK FELICIA JUMBO,21.0,,405,
November,TEMPAT TIMER,16.0,,50,
November,TERMOGUN,38.0,,178,
November,TERMOMETER,46.0,30.0,596,
November,TERMOS AIR,24.0,,67,
November,THERMOCOUPLE,47.0,,204,MAINTENANCE
November,"THERMOCOUPLE 2C 24"" GS 2185 (GRIDLE)",25.0,15.0,172,MAINTENANCE
November,TIMBANGAN 100 KG,12.0,1.0,38,
November,TIMBANGAN DIGITAL FORTUNO 30 KG,33.0,3.0,186,
November,TIMBANGAN DIGITAL KECIL,18.0,51.0,65,
November,TIMER DIGITAL,618.0,1220.0,1975,
November,TOOL BOX,8.0,1.0,34,
November,TOPLES UK 18 LTR,507.0,,589,
November,TOPLES UK 4 LTR,123.0,,233,
November,TOPLES UK 9 LTR,322.0,,323,
November,TOWEL,2977.0,,26767,
November,TROLLI CLEAR UP,31.0,3.0,163,
November,TROLLI LOADING,10.0,,21,
November,WAJAN BESI UK 50',49.0,2.0,62,
November,WAJAN BESI UK 70',26.0,2.0,91,
December,AKRILIC PRINTER,84.0,117.0,155,
December,ALAT PEL,65.0,55.0,88,
December,ALAT PEMADAM KEBAKARAN ( APAR ),17.0,,29,
December,AMBRO FLATWARE BASKET,18.0,,32,
December,APAR POWDER 3KG,34.0,,49,
December,APAR TIPE K 6KG,17.0,,24,
December,ASBAK,300.0,484.0,421,
December,BABY CHAIR,48.0,2.0,107,
December,BAK THAWING BULAT 80 L,23.0,,27,
December,BALON WHISK,46.0,,68,
December,BASKOM KOTAK BESAR,310.0,208.0,311,
December,BASKOM STAINLESS 12 CM,70.0,53.0,80,
December,BASKOM STAINLESS 18 CM,156.0,108.0,222,
December,BASKOM STAINLESS UK 14 CM,18.0,30.0,34,
December,BASKOM STAINLESS UK 26 CM,23.0,20.0,25,
December,BILL HOLDER,40.0,,394,
December,BOTOL DIPPING BESAR,15.0,,194,
December,BOTOL KECAP KECIL,338.0,159.0,561,
December,BOTOL SPRAY,334.0,,785,
December,BURNER GS UK 9 NP,25.0,,42,MAINTENANCE
December,CADDY BAG,108.0,6.0,389,
December,CAPIT SNACK ( BESAR ),91.0,67.0,110,
December,CASH BOX,17.0,11.0,39,
December,CETING TRADISI ( BESAR ),231.0,6.0,260,
December,CETING TRADISI ( KECIL ),12.0,,385,
December,COOL BOX 55LTR,17.0,5.0,25,
December,DIGITAL CALIPER,23.0,1.0,79,
December,DISPENSER,31.0,15.0,25,
December,DISPENSER SABUN KRISBOW,72.0,,383,
December,DITEKTOR UANG PALSU,41.0,17.0,60,
December,DUST BIN KUNING 240 LTR (TEMPAT SAMPAH),48.0,40.0,49,
December,DUSTBIN STAINLESS BULAT,21.0,1.0,105,
December,EMBER,5.0,,107,
December,EMBER 6 GL,26.0,21.0,36,
December,EROS MELAMINE UK BESAR,43.0,36.0,38,
December,EROS STAINLESS UK 30 CC,76.0,4.0,160,
December,EROS STAINLESS UK 60 CC,43.0,2.0,95,
December,EROS STAINLESS UK 90 CC,49.0,2.0,71,
December,EROS STAINLESS UK BESAR,23.0,1.0,47,
December,FILLING KABINET,18.0,1.0,27,
December,FOOD PAN KECIL,44.0,2.0,45,
December,GARPU ADUKAN MIE,122.0,104.0,1773,
December,GARPU MAKAN,12.0,,708,
December,GAS BURNER ( LONG SHUN ),11.0,12.0,2,MAINTENANCE
December,GAS KNOP DIA 8 MM W,70.0,,167,MAINTENANCE
December,GAS KNOP F/JP SERIES,70.0,,36,MAINTENANCE
December,GAS VALVE HIGH PREASURE (CONTROL SE),11.0,3.0,27,MAINTENANCE
December,GAS VALVE HP DOUBLE TURBO,31.0,,42,MAINTENANCE
December,GELAS KARYAWAN,1305.0,2052.0,1214,
December,GELAS MINUMAN HANGAT,719.0,600.0,822,
December,GELAS TEA,14122.0,26380.0,18170,
December,GELAS UKUR 130 ML,112.0,105.0,148,
December,GOLOK,24.0,1.0,183,
December,HAND DRAYER,19.0,20.0,35,
December,HARD COVER HIMBAUAN,89.0,,141,
December,HARD COVER MENU DIMSUM,91.0,150.0,225,
December,JIGGER UK 20/30,45.0,47.0,62,
December,JIGGER UK 20/40,42.0,42.0,63,
December,JIGGER UK 30/40,46.0,47.0,62,
December,KESET KOTAK KARET LUBANG,10.0,,249,
December,KLAKAT DIMSUM,,,,
December,KLAKAT PREMIUM,5439.0,,9054,
December,KNOP BOILER/WATER TAP HEAD,33.0,,115,MAINTENANCE
December,KNOP F/GAS COOK DIAL,5.0,42.0,43,MAINTENANCE
December,KONTAINER PERFORATED,90.0,35.0,99,
December,KONTAINER SOLID,56.0,998.0,64,
December,LADIES STICKER,34.0,2.0,92,
December,LEFT WATER TAP-RIGHT 02303964 (PD.2458E2,19.0,,139,MAINTENANCE
December,LOCKER SET,137.0,144.0,129,
December,LOGGER,234.0,8.0,302,
December,MAGNET D 22 W/TREADED BOLT (SP),3.0,,17,MAINTENANCE
December,MESIN CUP SEALER,22.0,15.0,28,
December,MOB BUCKET (ALAT PEL SET),17.0,,46,
December,MUKENA,57.0,3.0,200,
December,NAMPAN KARET BULAT,101.0,137.0,152,
December,NAMPAN KARET KOTAK (DIMSUM),798.0,,4286,
December,NAMPAN KAYU KOTAK,229.0,220.0,603,
December,PALLET BIRU (DRY),44.0,113.0,82,
December,PALLET HIJAU (FROZEN),177.0,128.0,46,
December,PANCI DANDANG DIMSUM UK 36,58.0,70.0,71,
December,PANCI ENDAPAN MINYAK UK 40,38.0,25.0,46,
December,PANCI KUKUS TAHU UK 36,5.0,,46,
December,PANCI MIE,2326.0,,4231,
December,PANCI ORCHID UK 28,5.0,,18,
December,PANCI ORCHID UK 32 CM,38.0,37.0,73,
December,PANCI ORCHID UK 36,74.0,86.0,72,
December,PAPAN AWAS LANTAI LICIN,39.0,,30,
December,PAPAN TULIS,37.0,2.0,48,
December,PEMATIK KOMPOR,268.0,414.0,328,MAINTENANCE
December,PEMBATAS ANTRIAN,67.0,113.0,101,
December,PEMUKUL DAGING,25.0,25.0,63,
December,PIEZO IGNITER UK 18.MM,49.0,,300,MAINTENANCE
December,PILOT 250 MM (KOMPOR HIGH PREASURE),7.0,39.0,37,MAINTENANCE
December,PILOT BURNER F/BUNSEN,19.0,,222,MAINTENANCE
December,PILOT SW 9000 (SP),4.0,,22,MAINTENANCE
December,PIRING HAWAI BLACK,6969.0,360.0,18885,
December,PISAU BUAH BESAR,126.0,57.0,156,
December,PISAU BUAH KECIL,135.0,23.0,152,
December,PISAU GILING DAGING,44.0,180.0,254,
December,PRAXIS KEEPER UK 900ML,106.0,85.0,172,
December,PUMP DISPENSER,18.0,1.0,89,
December,RAK GALON OJOL,1.0,,9,
December,RAK KONTAINER KECIL,34.0,8.0,43,
December,RAK MUKENA,18.0,,34,
December,RAK PENITIPAN BARANG CUSTOMER,18.0,,55,
December,RAK SEPATU KARYAWAN,9.0,,29,
December,REGULATOR,25.0,25.0,7,MAINTENANCE
December,SAFETY GAS COOK (GASVALVE GS3878)8325183,9.0,2.0,119,MAINTENANCE
December,SAFETY GAS VALVE WITH INLET BRACKET&SREW,31.0,,123,MAINTENANCE
December,SAJADAH,55.0,3.0,230,
December,SARINGAN MIE,1546.0,2530.0,2129,
December,SARINGAN MINYAK,109.0,76.0,135,
December,SARINGAN TEH GACOAN,101.0,104.0,145,
December,SARUNG,52.0,3.0,151,
December,SCALE OFF (PEMBERSIH TANGKI BOILER),137.0,165.0,130,
December,SEAL PACK 3.5 LTR/3500 ML,541.0,171.0,437,
December,SEAL PACK DIMSUM,918.0,480.0,817,
December,SEAL PACK POWDER,134.0,72.0,139,
December,SENDOK ES STAINLESS,113.0,6.0,245,
December,SENDOK MAKAN STAINLESS,24.0,,1260,
December,SENDOK TAKAR 12 GRM,133.0,,5145,
December,SENDOK TAKAR PLASTIK,132.0,6.0,152,
December,SENDOK TAKAR STAINLESS,128.0,105.0,454,
December,SEROK BESAR KAWAT,121.0,143.0,135,
December,SEROK ICE,88.0,8.0,198,
December,SHAKER 750,141.0,161.0,194,
December,SPATULA MIE IBLIS ( SODET COKLAT ),158.0,253.0,197,
December,SPATULA STAINLESS,164.0,298.0,237,
December,STEMPEL,54.0,32.0,187,
December,STICK PENGGANTI LAMPU,19.0,1.0,51,
December,STIK DRUM,199.0,228.0,173,
December,STRAINER BOWL STAINLESS LUBANG BASKOM KECIL,346.0,20.0,2262,
December,SUTIL,99.0,87.0,96,
December,TALENAN PLASTIK,66.0,3.0,78,
December,TANGGA 3 METER,18.0,1.0,47,
December,TANGKI BOILER,,,,MAINTENANCE
December,TEKO BESAR ( BIANG TEH ),59.0,13.0,68,
December,TEMPAT SAMPAH 80 L (TERTUTUP & INJAK),62.0,,236,
December,TEMPAT SAMPAH ABU-ABU 20 LTR,90.0,100.0,148,
December,TEMPAT SAMPAH BESAR UK 80 LTR,,,1,
December,TEMPAT SAMPAH KECIL UK 10 LTR,129.0,144.0,188,
December,TEMPAT SENDOK,2.0,,32,
December,TEMPAT SENDOK FELICIA JUMBO,54.0,4.0,355,
December,TEMPAT TIMER,13.0,45.0,37,
December,TERMOGUN,51.0,73.0,200,
December,TERMOMETER,65.0,3.0,533,
December,TERMOS AIR,44.0,32.0,55,
December,THERMOCOUPLE,71.0,,134,MAINTENANCE
December,"THERMOCOUPLE 2C 24"" GS 2185 (GRIDLE)",56.0,,116,MAINTENANCE
December,TIMBANGAN 100 KG,26.0,20.0,30,
December,TIMBANGAN DIGITAL FORTUNO 30 KG,67.0,,119,
December,TIMBANGAN DIGITAL KECIL,33.0,2.0,34,
December,TIMER DIGITAL,949.0,320.0,1344,
December,TOOL BOX,21.0,10.0,23,
December,TOPLES UK 18 LTR,792.0,915.0,712,
December,TOPLES UK 4 LTR,218.0,256.0,271,
December,TOPLES UK 9 LTR,478.0,656.0,501,
December,TOWEL,3095.0,60.0,23732,
December,TROLLI CLEAR UP,61.0,,102,
December,TROLLI LOADING,25.0,16.0,12,
December,WAJAN BESI UK 50',74.0,100.0,88,
December,WAJAN BESI UK 70',53.0,50.0,85,
