Quarter,Nama Barang,AVG PICK UP,AVG PEMBELIAN,AVG SALDO AKHIR,HARGA PEMBELIAN TERAKHIR,TOTAL [PEMBELIAN],OVERSTOCK,BUFFER STOCK,TOTAL [SALDO AKHIR],ANGKA STANDART BARU,OVERSTOCK [ANGKA STANDART BARU],ANGKA STANDART LAMA,Kategori,OVERSTOCK [ANGKA STANDART LAMA]
Q1,AKRILIC PRINTER,53.0,144.0,281.0,41500.0,5976000.0,OVER,7.0,11661500.0,60.0,OVER,192,,OVER
Q1,ALAT PEL,60.0,58.0,81.0,35000.0,2030000.0,OK,27.0,2835000.0,87.0,OK,102,,LOW
Q1,ALAT PEMADAM KEBAKARAN ( APAR ),10.0,22.0,16.0,750000.0,16500000.0,OVER,4.0,12000000.0,14.0,OVER,19,,LOW
Q1,AMBRO FLATWARE BASKET,7.0,25.0,40.0,85000.0,2125000.0,OVER,1.0,3400000.0,8.0,OVER,32,,OVER
Q1,APAR POWDER 3KG,13.0,23.0,16.0,450000.0,10350000.0,OVER,3.0,7200000.0,16.0,OK,27,,LOW
Q1,APAR TIPE K 6KG,6.0,10.0,6.0,1550000.0,15500000.0,OK,2.0,9300000.0,8.0,OK,16,,LOW
Q1,ASBAK,269.0,354.0,361.0,11000.0,3894000.0,OVER,71.0,3971000.0,340.0,OVER,400,,LOW
Q1,BABY CHAIR,14.0,27.0,18.0,286247.0,7728669.0,OVER,2.0,5152446.0,16.0,OVER,52,,LOW
Q1,BAK THAWING BULAT 80 L,8.0,27.0,32.0,389193.75,10508231.25,OVER,1.0,12454200.0,9.0,OVER,46,,LOW
Q1,BALON WHISK,21.0,45.0,79.0,65000.0,2925000.0,OVER,7.0,5135000.0,28.0,OVER,48,,OVER
Q1,BASKOM KOTAK BESAR,221.0,304.0,414.0,38000.0,11552000.0,OVER,44.0,15732000.0,265.0,OVER,360,,OVER
Q1,BASKOM STAINLESS 12 CM,45.0,110.0,138.0,7200.0,792000.0,OVER,11.0,993600.0,56.0,OVER,92,,OVER
Q1,BASKOM STAINLESS 18 CM,93.0,155.0,128.0,20000.0,3100000.0,OVER,38.0,2560000.0,131.0,OK,168,,LOW
Q1,BASKOM STAINLESS UK 14 CM,15.0,70.0,80.0,8400.0,588000.0,OVER,8.0,672000.0,23.0,OVER,49,,OVER
Q1,BASKOM STAINLESS UK 26 CM,30.0,43.0,41.0,37500.0,1612500.0,OVER,15.0,1537500.0,45.0,OK,35,,OK
Q1,BILL HOLDER,39.0,125.0,185.0,120000.0,15000000.0,OVER,18.0,22200000.0,57.0,OVER,166,,OVER
Q1,BOTOL DIPPING BESAR,69.0,324.0,286.0,12500.0,4050000.0,OVER,24.0,3575000.0,93.0,OVER,131,,OVER
Q1,BOTOL KECAP KECIL,187.0,438.0,356.0,10000.0,4380000.0,OVER,40.0,3560000.0,227.0,OVER,355,,OK
Q1,BOTOL SPRAY,230.0,254.0,367.0,15900.0,4038600.0,OVER,56.0,5835300.0,286.0,OVER,433,,LOW
Q1,BURNER GS UK 9 NP,,,66.0,1838833.03,,OK,0.0,121362979.98,0.0,OVER,0,MAINTENANCE,OVER
Q1,CADDY BAG,44.0,50.0,58.0,49800.0,2490000.0,OVER,4.0,2888400.0,48.0,OVER,166,,LOW
Q1,CAPIT SNACK ( BESAR ),77.0,206.0,69.0,16000.0,3296000.0,OK,37.0,1104000.0,114.0,LOW,82,,LOW
Q1,CASH BOX,6.0,18.0,32.0,519920.0,9358560.0,OVER,2.0,16637440.0,8.0,OVER,16,,OVER
Q1,CETING TRADISI ( BESAR ),145.0,304.0,235.0,45000.0,13680000.0,OVER,64.0,10575000.0,209.0,OVER,240,,LOW
Q1,CETING TRADISI ( KECIL ),38.0,300.0,618.0,1167.0,350100.0,OVER,19.0,721206.0,57.0,OVER,73,,OVER
Q1,COOL BOX 55LTR,12.0,16.0,15.0,790000.0,12640000.0,OVER,4.0,11850000.0,16.0,OK,22,,LOW
Q1,DIGITAL CALIPER,7.0,29.0,15.0,398659.0,11561111.0,OVER,1.0,5979885.0,8.0,OVER,27,,LOW
Q1,DISPENSER,27.0,35.0,74.0,193000.0,6755000.0,OVER,9.0,14282000.0,36.0,OVER,55,,OVER
Q1,DISPENSER SABUN KRISBOW,25.0,34.0,17.0,144415.0,4910110.0,OK,13.0,2455055.0,38.0,LOW,104,,LOW
Q1,DITEKTOR UANG PALSU,27.0,90.0,104.0,65000.0,5850000.0,OVER,7.0,6760000.0,34.0,OVER,51,,OVER
Q1,DUST BIN KUNING 240 LTR (TEMPAT SAMPAH),32.0,51.0,45.0,565000.0,28815000.0,OVER,6.0,25425000.0,38.0,OVER,102,,LOW
Q1,DUSTBIN STAINLESS BULAT,7.0,25.0,16.0,215590.0,5389750.0,OVER,1.0,3449440.0,8.0,OVER,27,,LOW
Q1,EMBER,16.0,35.0,107.0,249900.0,8746500.0,OVER,6.0,26739300.0,22.0,OVER,27,,OVER
Q1,EMBER 6 GL,27.0,58.0,52.0,80000.0,4640000.0,OVER,18.0,4160000.0,45.0,OVER,55,,LOW
Q1,EROS MELAMINE UK BESAR,29.0,55.0,83.0,11799.0,648945.0,OVER,7.0,979317.0,36.0,OVER,52,,OVER
Q1,EROS STAINLESS UK 30 CC,43.0,120.0,377.0,23000.0,2760000.0,OVER,17.0,8671000.0,60.0,OVER,81,,OVER
Q1,EROS STAINLESS UK 60 CC,36.0,,324.0,28000.0,,OK,17.0,9072000.0,53.0,OVER,67,,OVER
Q1,EROS STAINLESS UK 90 CC,40.0,,324.0,35000.0,,OK,22.0,11340000.0,62.0,OVER,72,,OVER
Q1,EROS STAINLESS UK BESAR,12.0,41.0,74.0,45000.0,1845000.0,OVER,3.0,3330000.0,15.0,OVER,26,,OVER
Q1,FILLING KABINET,7.0,2.0,14.0,1600000.0,3200000.0,OK,2.0,22400000.0,9.0,OVER,36,,LOW
Q1,FOOD PAN KECIL,33.0,80.0,60.0,27500.0,2200000.0,OVER,7.0,1650000.0,40.0,OVER,69,,LOW
Q1,GARPU ADUKAN MIE,135.0,231.0,125.0,46199.0,10671969.0,OK,17.0,5774875.0,152.0,LOW,257,,LOW
Q1,GARPU MAKAN,16.0,15.0,508.0,27500.0,412500.0,OK,8.0,13970000.0,24.0,OVER,23,,OVER
Q1,GAS BURNER ( LONG SHUN ),13.0,12.0,17.0,450000.0,5400000.0,OK,4.0,7650000.0,17.0,OK,0,MAINTENANCE,OVER
Q1,GAS KNOP DIA 8 MM W,,45.0,102.0,78426.0,3529170.0,OVER,0.0,7999452.0,0.0,OVER,0,MAINTENANCE,OVER
Q1,GAS KNOP F/JP SERIES,,28.0,72.0,61129.0,1711612.0,OVER,0.0,4401288.0,0.0,OVER,0,MAINTENANCE,OVER
Q1,GAS VALVE HIGH PREASURE (CONTROL SE),,25.0,28.0,135000.0,3375000.0,OVER,0.0,3780000.0,0.0,OVER,0,MAINTENANCE,OVER
Q1,GAS VALVE HP DOUBLE TURBO,10.0,40.0,41.0,186000.0,7440000.0,OVER,9.0,7626000.0,19.0,OVER,0,MAINTENANCE,OVER
Q1,GELAS KARYAWAN,1357.0,2460.0,1352.0,2462.1,6056766.0,OK,657.0,3328759.1999999997,2014.0,LOW,1200,,OK
Q1,GELAS MINUMAN HANGAT,480.0,780.0,1030.0,21667.0,16900260.0,OVER,262.0,22317010.0,742.0,OVER,816,,OK
Q1,GELAS TEA,9818.0,14963.0,26367.0,7900.0,118207700.0,OVER,6020.0,208299300.0,15838.0,OVER,19611,,OVER
Q1,GELAS UKUR 130 ML,67.0,103.0,153.0,12699.0,1307997.0,OVER,15.0,1942947.0,82.0,OVER,125,,OVER
Q1,GOLOK,62.0,118.0,164.0,35000.0,4130000.0,OVER,7.0,5740000.0,69.0,OVER,90,,OVER
Q1,HAND DRAYER,8.0,20.0,43.0,1499000.0,29980000.0,OVER,2.0,64457000.0,10.0,OVER,36,,OVER
Q1,HARD COVER HIMBAUAN,37.0,90.0,275.0,25000.0,2250000.0,OVER,9.0,6875000.0,46.0,OVER,72,,OVER
Q1,HARD COVER MENU DIMSUM,147.0,300.0,666.0,15000.0,4500000.0,OVER,50.0,9990000.0,197.0,OVER,240,,OVER
Q1,JIGGER UK 20/30,33.0,47.0,95.0,46299.0,2176053.0,OVER,6.0,4398405.0,39.0,OVER,62,,OVER
Q1,JIGGER UK 20/40,29.0,47.0,102.0,49699.0,2335853.0,OVER,6.0,5069298.0,35.0,OVER,49,,OVER
Q1,JIGGER UK 30/40,36.0,42.0,85.0,52500.0,2205000.0,OVER,9.0,4462500.0,45.0,OVER,70,,OVER
Q1,KESET KOTAK KARET LUBANG,55.0,65.0,4.0,231920.0,15074800.0,OK,24.0,927680.0,79.0,LOW,161,,LOW
Q1,KLAKAT DIMSUM,7356.0,16150.0,4333.0,8000.0,129200000.0,OK,1810.0,34664000.0,9166.0,LOW,15001,,LOW
Q1,KLAKAT PREMIUM,313.0,,400.0,15000.0,,OK,188.0,6000000.0,501.0,OK,1860,,LOW
Q1,KNOP BOILER/WATER TAP HEAD,,,71.0,29522.26306,,OK,0.0,2096080.67726,0.0,OVER,0,MAINTENANCE,OVER
Q1,KNOP F/GAS COOK DIAL,,,41.0,52029.33179,,OK,0.0,2133202.60339,0.0,OVER,0,MAINTENANCE,OVER
Q1,KONTAINER PERFORATED,32.0,75.0,62.0,105000.0,7875000.0,OVER,8.0,6510000.0,40.0,OVER,64,,LOW
Q1,KONTAINER SOLID,19.0,1093.0,70.0,190000.0,207670000.0,OVER,5.0,13300000.0,24.0,OVER,40,,OVER
Q1,LADIES STICKER,20.0,100.0,130.0,22500.0,2250000.0,OVER,9.0,2925000.0,29.0,OVER,47,,OVER
Q1,LEFT WATER TAP-RIGHT 02303964 (PD.2458E2,,,71.0,744775.8906,,OK,0.0,52879088.2326,0.0,OVER,0,MAINTENANCE,OVER
Q1,LOCKER SET,66.0,222.0,186.0,1173166.0,260442852.0,OVER,14.0,218208876.0,80.0,OVER,240,,LOW
Q1,LOGGER,259.0,405.0,229.0,215000.0,87075000.0,OK,216.0,49235000.0,475.0,LOW,400,,LOW
Q1,MAGNET D 22 W/TREADED BOLT (SP),,30.0,16.0,97251.0,2917530.0,OVER,0.0,1556016.0,0.0,OVER,0,MAINTENANCE,OVER
Q1,MESIN CUP SEALER,13.0,62.0,127.0,775000.0,48050000.0,OVER,8.0,98425000.0,21.0,OVER,36,,OVER
Q1,MOB BUCKET (ALAT PEL SET),12.0,33.0,55.0,523365.0,17271045.0,OVER,3.0,28785075.0,15.0,OVER,46,,OVER
Q1,MUKENA,23.0,68.0,56.0,77266.0,5254088.0,OVER,7.0,4326896.0,30.0,OVER,138,,LOW
Q1,NAMPAN KARET BULAT,51.0,132.0,153.0,70000.0,9240000.0,OVER,22.0,10710000.0,73.0,OVER,97,,OVER
Q1,NAMPAN KARET KOTAK (DIMSUM),293.0,180.0,572.0,65000.0,11700000.0,OK,27.0,37180000.0,320.0,OVER,1021,,LOW
Q1,NAMPAN KAYU KOTAK,135.0,168.0,104.0,165000.0,27720000.0,OK,63.0,17160000.0,198.0,LOW,244,,LOW
Q1,PALLET BIRU (DRY),92.0,110.0,39.0,743700.0,81807000.0,OK,11.0,29004300.0,103.0,LOW,150,,LOW
Q1,PALLET HIJAU (FROZEN),71.0,67.0,68.0,743700.0,49827900.0,LOW,22.0,50571600.0,93.0,LOW,100,,LOW
Q1,PANCI DANDANG DIMSUM UK 36,58.0,73.0,55.0,465000.0,33945000.0,OK,6.0,25575000.0,64.0,LOW,56,,LOW
Q1,PANCI ENDAPAN MINYAK UK 40,31.0,38.0,27.0,525000.0,19950000.0,OK,3.0,14175000.0,34.0,LOW,28,,LOW
Q1,PANCI KUKUS TAHU UK 36,2.0,,36.0,230000.0,,OK,1.0,8280000.0,3.0,OVER,9,,OVER
Q1,PANCI MIE,1720.0,2433.0,1773.0,79200.0,192693600.0,OVER,291.0,140421600.0,2011.0,OK,4171,,LOW
Q1,PANCI ORCHID UK 28,7.0,20.0,15.0,110000.0,2200000.0,OVER,1.0,1650000.0,8.0,OVER,18,,LOW
Q1,PANCI ORCHID UK 32 CM,25.0,87.0,99.0,150000.0,13050000.0,OVER,7.0,14850000.0,32.0,OVER,51,,OVER
Q1,PANCI ORCHID UK 36,49.0,76.0,89.0,200000.0,15200000.0,OVER,10.0,17800000.0,59.0,OVER,90,,LOW
Q1,PAPAN AWAS LANTAI LICIN,14.0,20.0,52.0,42900.0,858000.0,OVER,5.0,2230800.0,19.0,OVER,32,,OVER
Q1,PAPAN TULIS,15.0,20.0,44.0,65000.0,1300000.0,OVER,3.0,2860000.0,18.0,OVER,33,,OVER
Q1,PEMATIK KOMPOR,22.0,150.0,119.0,17500.0,2625000.0,OVER,2.0,2082500.0,24.0,OVER,165,MAINTENANCE,LOW
Q1,PEMBATAS ANTRIAN,38.0,64.0,44.0,599900.0,38393600.0,OVER,8.0,26395600.0,46.0,OK,76,,LOW
Q1,PEMUKUL DAGING,31.0,78.0,161.0,74300.0,5795400.0,OVER,7.0,11962300.0,38.0,OVER,62,,OVER
Q1,PIEZO IGNITER UK 18.MM,,35.0,148.0,77165.0,2700775.0,OVER,0.0,11420420.0,0.0,OVER,0,MAINTENANCE,OVER
Q1,PILOT 250 MM (KOMPOR HIGH PREASURE),11.0,20.0,27.0,50000.0,1000000.0,OVER,1.0,1350000.0,12.0,OVER,0,MAINTENANCE,OVER
Q1,PILOT BURNER F/BUNSEN,,50.0,128.0,216084.0,10804200.0,OVER,0.0,27658752.0,0.0,OVER,0,MAINTENANCE,OVER
Q1,PILOT SW 9000 (SP),,20.0,9.0,359147.0,7182940.0,OVER,0.0,3232323.0,0.0,OVER,0,MAINTENANCE,OVER
Q1,PIRING HAWAI BLACK,4454.0,8867.0,17700.0,28800.0,255369600.0,OVER,3706.0,509760000.0,8160.0,OVER,17068,,OK
Q1,PISAU BUAH BESAR,122.0,130.0,129.0,60000.0,7800000.0,OVER,71.0,7740000.0,193.0,OK,140,,LOW
Q1,PISAU BUAH KECIL,110.0,150.0,237.0,24000.0,3600000.0,OVER,48.0,5688000.0,158.0,OVER,224,,OK
Q1,PISAU GILING DAGING,62.0,30.0,228.0,209940.0,6298200.0,OK,16.0,47866320.0,78.0,OVER,184,,OVER
Q1,PRAXIS KEEPER UK 900ML,71.0,136.0,208.0,15000.0,2040000.0,OVER,26.0,3120000.0,97.0,OVER,119,,OVER
Q1,PUMP DISPENSER,7.0,54.0,40.0,46699.0,2521746.0,OVER,1.0,1867960.0,8.0,OVER,48,,LOW
Q1,RAK GALON OJOL,8.0,,38.0,85000.0,,OK,3.0,3230000.0,11.0,OVER,17,,OVER
Q1,RAK KONTAINER KECIL,22.0,63.0,58.0,105000.0,6615000.0,OVER,4.0,6090000.0,26.0,OVER,35,,OVER
Q1,RAK MUKENA,7.0,25.0,29.0,311600.0,7790000.0,OVER,3.0,9036400.0,10.0,OVER,46,,LOW
Q1,RAK PENITIPAN BARANG CUSTOMER,7.0,27.0,23.0,160000.0,4320000.0,OVER,1.0,3680000.0,8.0,OVER,34,,LOW
Q1,RAK SEPATU KARYAWAN,16.0,60.0,77.0,55000.0,3300000.0,OVER,16.0,4235000.0,32.0,OVER,36,,OVER
Q1,REGULATOR,58.0,35.0,77.0,95000.0,3325000.0,OK,27.0,7315000.0,85.0,OK,75,MAINTENANCE,OK
Q1,SAFETY GAS COOK (GASVALVE GS3878)8325183,,35.0,125.0,1661395.0,58148825.0,OVER,0.0,207674375.0,0.0,OVER,0,MAINTENANCE,OVER
Q1,SAFETY GAS VALVE WITH INLET BRACKET&SREW,,,,734100.0,,OK,0.0,0.0,0.0,OK,0,MAINTENANCE,OK
Q1,SAJADAH,23.0,75.0,43.0,31488.0,2361600.0,OVER,3.0,1353984.0,26.0,OVER,84,,LOW
Q1,SARINGAN MIE,1368.0,1900.0,1732.0,82799.0,157318100.0,OVER,506.0,143407868.0,1874.0,OK,2200,,LOW
Q1,SARINGAN MINYAK,100.0,140.0,160.0,60000.0,8400000.0,OVER,20.0,9600000.0,120.0,OVER,156,,OK
Q1,SARINGAN TEH GACOAN,72.0,155.0,351.0,32899.0,5099345.0,OVER,15.0,11547549.0,87.0,OVER,130,,OVER
Q1,SARUNG,23.0,38.0,42.0,55701.2,2116645.6,OVER,3.0,2339450.4,26.0,OVER,84,,LOW
Q1,SCALE OFF (PEMBERSIH TANGKI BOILER),139.0,172.0,212.0,159200.0,27382400.0,OVER,42.0,33750400.0,181.0,OVER,180,,OK
Q1,SEAL PACK 3.5 LTR/3500 ML,505.0,672.0,461.0,20000.0,13440000.0,OK,230.0,9220000.0,735.0,LOW,430,,OK
Q1,SEAL PACK DIMSUM,1061.0,1456.0,775.0,34000.0,49504000.0,OK,1214.0,26350000.0,2275.0,LOW,980,,LOW
Q1,SEAL PACK POWDER,195.0,240.0,304.0,16000.0,3840000.0,OVER,156.0,4864000.0,351.0,OK,320,,LOW
Q1,SENDOK ES STAINLESS,113.0,270.0,229.0,2292.0,618840.0,OVER,28.0,524868.0,141.0,OVER,206,,OK
Q1,SENDOK MAKAN STAINLESS,18.0,10.0,572.0,27500.0,275000.0,OK,6.0,15730000.0,24.0,OVER,23,,OVER
Q1,SENDOK TAKAR 12 GRM,82.0,,89.0,0.0,,OK,96.0,0.0,178.0,OK,266,,LOW
Q1,SENDOK TAKAR PLASTIK,120.0,245.0,226.0,35000.0,8575000.0,OVER,36.0,7910000.0,156.0,OVER,222,,OK
Q1,SENDOK TAKAR STAINLESS,199.0,475.0,536.0,30050.0,14273750.0,OVER,102.0,16106800.0,301.0,OVER,368,,OVER
Q1,SEROK BESAR KAWAT,82.0,82.0,33.0,40000.0,3280000.0,OK,33.0,1320000.0,115.0,LOW,40,,LOW
Q1,SEROK ICE,74.0,161.0,346.0,55000.0,8855000.0,OVER,12.0,19030000.0,86.0,OVER,135,,OVER
Q1,SHAKER 750,114.0,233.0,336.0,108100.0,25187300.0,OVER,70.0,36321600.0,184.0,OVER,223,,OVER
Q1,SPATULA MIE IBLIS ( SODET COKLAT ),92.0,155.0,337.0,45099.0,6990345.0,OVER,40.0,15198363.0,132.0,OVER,328,,OK
Q1,SPATULA STAINLESS,210.0,200.0,283.0,75000.0,15000000.0,OK,30.0,21225000.0,240.0,OVER,501,,LOW
Q1,STEMPEL,75.0,350.0,200.0,68500.0,23975000.0,OVER,31.0,13700000.0,106.0,OVER,135,,OVER
Q1,STICK PENGGANTI LAMPU,7.0,25.0,15.0,46344.0,1158600.0,OVER,1.0,695160.0,8.0,OVER,32,,LOW
Q1,STIK DRUM,180.0,237.0,205.0,11000.0,2607000.0,OVER,48.0,2255000.0,228.0,OK,230,,LOW
Q1,STRAINER BOWL STAINLESS LUBANG BASKOM KECIL,147.0,500.0,460.0,41285.0,20642500.0,OVER,13.0,18991100.0,160.0,OVER,498,,LOW
Q1,SUTIL,54.0,73.0,63.0,45000.0,3285000.0,OVER,18.0,2835000.0,72.0,OK,82,,LOW
Q1,TALENAN PLASTIK,54.0,68.0,59.0,70000.0,4760000.0,OVER,17.0,4130000.0,71.0,OK,81,,LOW
Q1,TANGGA 3 METER,7.0,18.0,22.0,1430000.0,25740000.0,OVER,3.0,31460000.0,10.0,OVER,36,,LOW
Q1,TANGKI BOILER,,14.0,14.0,2461875.0,34466250.0,OVER,0.0,34466250.0,0.0,OVER,0,MAINTENANCE,OVER
Q1,TEKO BESAR ( BIANG TEH ),38.0,73.0,70.0,32500.0,2372500.0,OVER,10.0,2275000.0,48.0,OVER,73,,LOW
Q1,TEMPAT SAMPAH 80 L (TERTUTUP & INJAK),24.0,81.0,116.0,389193.75,31524693.75,OVER,5.0,45146475.0,29.0,OVER,90,,OVER
Q1,TEMPAT SAMPAH ABU-ABU 20 LTR,152.0,167.0,93.0,106400.0,17768800.0,OK,25.0,9895200.0,177.0,LOW,239,,LOW
Q1,TEMPAT SAMPAH BESAR UK 80 LTR,18.0,31.0,36.0,165000.0,5115000.0,OVER,6.0,5940000.0,24.0,OVER,32,,OK
Q1,TEMPAT SAMPAH KECIL UK 10 LTR,94.0,97.0,62.0,47500.0,4607500.0,OK,40.0,2945000.0,134.0,LOW,172,,LOW
Q1,TEMPAT SENDOK,7.0,,34.0,22500.0,,OK,5.0,765000.0,12.0,OVER,19,,OVER
Q1,TEMPAT SENDOK FELICIA JUMBO,22.0,81.0,69.0,42461.7,3439397.6999999997,OVER,2.0,2929857.3,24.0,OVER,77,,LOW
Q1,TEMPAT TIMER,27.0,55.0,23.0,30000.0,1650000.0,OK,5.0,690000.0,32.0,LOW,45,,LOW
Q1,TERMOGUN,43.0,97.0,141.0,253080.0,24548760.0,OVER,18.0,35684280.0,61.0,OVER,106,,OVER
Q1,TERMOMETER,79.0,142.0,136.0,110750.0,15726500.0,OVER,46.0,15062000.0,125.0,OVER,151,,LOW
Q1,TERMOS AIR,27.0,60.0,64.0,340000.0,20400000.0,OVER,12.0,21760000.0,39.0,OVER,53,,OK
Q1,THERMOCOUPLE,,25.0,119.0,145904.0,3647600.0,OVER,0.0,17362576.0,0.0,OVER,0,MAINTENANCE,OVER
Q1,"THERMOCOUPLE 2C 24"" GS 2185 (GRIDLE)",,,,133300.0,,OK,0.0,0.0,0.0,OK,0,MAINTENANCE,OK
Q1,TIMBANGAN 100 KG,18.0,29.0,21.0,1250000.0,36250000.0,OVER,4.0,26250000.0,22.0,OK,35,,LOW
Q1,TIMBANGAN DIGITAL FORTUNO 30 KG,42.0,200.0,276.0,700000.0,140000000.0,OVER,7.0,193200000.0,49.0,OVER,76,,OVER
Q1,TIMBANGAN DIGITAL KECIL,7.0,25.0,15.0,71608.0,1790200.0,OVER,1.0,1074120.0,8.0,OVER,27,,LOW
Q1,TIMER DIGITAL,887.0,1240.0,706.0,16500.0,20460000.0,OK,730.0,11649000.0,1617.0,LOW,1500,,LOW
Q1,TOOL BOX,12.0,25.0,23.0,808000.0,20200000.0,OVER,2.0,18584000.0,14.0,OVER,22,,OK
Q1,TOPLES UK 18 LTR,622.0,712.0,384.0,48000.0,34176000.0,OK,290.0,18432000.0,912.0,LOW,390,,LOW
Q1,TOPLES UK 4 LTR,202.0,432.0,347.0,22000.0,9504000.0,OVER,84.0,7634000.0,286.0,OVER,368,,LOW
Q1,TOPLES UK 9 LTR,348.0,396.0,287.0,30000.0,11880000.0,OK,190.0,8610000.0,538.0,LOW,250,,OK
Q1,TOWEL,3755.0,9827.0,14661.0,6500.0,63875500.0,OVER,1977.0,95296500.0,5732.0,OVER,8649,,OVER
Q1,TROLLI CLEAR UP,40.0,57.0,100.0,1206292.4,68758666.8,OVER,6.0,120629239.99999999,46.0,OVER,150,,LOW
Q1,TROLLI LOADING,13.0,13.0,11.0,1550000.0,20150000.0,OK,2.0,17050000.0,15.0,LOW,50,,LOW
Q1,WAJAN BESI UK 50',42.0,50.0,42.0,125000.0,6250000.0,OK,14.0,5250000.0,56.0,OK,161,,LOW
Q1,WAJAN BESI UK 70',31.0,40.0,58.0,300000.0,12000000.0,OVER,9.0,17400000.0,40.0,OVER,120,,LOW
Q2,AKRILIC PRINTER,47.0,,332.0,41500.0,,OK,7.0,13778000.0,54.0,OVER,192,,OVER
Q2,ALAT PEL,47.0,93.0,156.0,72100.0,6705300.0,OVER,5.0,11247600.0,52.0,OVER,102,,OVER
Q2,ALAT PEMADAM KEBAKARAN ( APAR ),6.0,8.0,7.0,750000.0,6000000.0,OVER,1.0,5250000.0,7.0,OK,19,,LOW
Q2,AMBRO FLATWARE BASKET,10.0,38.0,79.0,85000.0,3230000.0,OVER,1.0,6715000.0,11.0,OVER,32,,OVER
Q2,APAR POWDER 3KG,12.0,16.0,14.0,450000.0,7200000.0,OVER,2.0,6300000.0,14.0,OK,27,,LOW
Q2,APAR TIPE K 6KG,6.0,8.0,7.0,1550000.0,12400000.0,OVER,1.0,10850000.0,7.0,OK,16,,LOW
Q2,ASBAK,262.0,306.0,345.0,11000.0,3366000.0,OVER,11.0,3795000.0,273.0,OVER,400,,LOW
Q2,BABY CHAIR,32.0,69.0,51.0,275000.0,18975000.0,OVER,24.0,14025000.0,56.0,OK,52,,LOW
Q2,BAK THAWING BULAT 80 L,9.0,,8.0,389193.75,,LOW,10.0,3113550.0,19.0,LOW,46,,LOW
Q2,BALON WHISK,27.0,,55.0,65000.0,,OK,6.0,3575000.0,33.0,OVER,48,,OVER
Q2,BASKOM KOTAK BESAR,218.0,112.0,322.0,38000.0,4256000.0,OK,52.0,12236000.0,270.0,OVER,360,,LOW
Q2,BASKOM STAINLESS 12 CM,32.0,50.0,182.0,7200.0,360000.0,OVER,14.0,1310400.0,46.0,OVER,92,,OVER
Q2,BASKOM STAINLESS 18 CM,83.0,95.0,208.0,20000.0,1900000.0,OVER,10.0,4160000.0,93.0,OVER,168,,OVER
Q2,BASKOM STAINLESS UK 14 CM,18.0,,111.0,8400.0,,OK,3.0,932400.0,21.0,OVER,49,,OVER
Q2,BASKOM STAINLESS UK 26 CM,35.0,25.0,29.0,37500.0,937500.0,LOW,31.0,1087500.0,66.0,LOW,35,,LOW
Q2,BILL HOLDER,51.0,223.0,535.0,120000.0,26760000.0,OVER,13.0,64200000.0,64.0,OVER,166,,OVER
Q2,BOTOL DIPPING BESAR,42.0,,342.0,12500.0,,OK,0.0,4275000.0,42.0,OVER,131,,OVER
Q2,BOTOL KECAP KECIL,156.0,300.0,375.0,10000.0,3000000.0,OVER,46.0,3750000.0,202.0,OVER,355,,OK
Q2,BOTOL SPRAY,213.0,651.0,1320.0,15900.0,10350900.0,OVER,10.0,20988000.0,223.0,OVER,433,,OVER
Q2,BURNER GS UK 9 NP,,,66.0,1838833.03,,OK,0.0,121362979.98,0.0,OVER,0,MAINTENANCE,OVER
Q2,CADDY BAG,68.0,91.0,266.0,50025.0,4552275.0,OVER,24.0,13306650.0,92.0,OVER,166,,OVER
Q2,CAPIT SNACK ( BESAR ),92.0,96.0,91.0,16000.0,1536000.0,OK,15.0,1456000.0,107.0,LOW,82,,OK
Q2,CASH BOX,7.0,12.0,42.0,649900.0,7798800.0,OVER,1.0,27295800.0,8.0,OVER,16,,OVER
Q2,CETING TRADISI ( BESAR ),150.0,143.0,256.0,48000.0,6864000.0,OK,49.0,12288000.0,199.0,OVER,240,,OK
Q2,CETING TRADISI ( KECIL ),29.0,,510.0,1167.0,,OK,23.0,595170.0,52.0,OVER,73,,OVER
Q2,COOL BOX 55LTR,6.0,17.0,29.0,790000.0,13430000.0,OVER,3.0,22910000.0,9.0,OVER,22,,OVER
Q2,DIGITAL CALIPER,13.0,48.0,90.0,399396.0,19171008.0,OVER,6.0,35945640.0,19.0,OVER,27,,OVER
Q2,DISPENSER,24.0,24.0,73.0,1053600.0,25286400.0,OK,5.0,76912800.0,29.0,OVER,55,,OVER
Q2,DISPENSER SABUN KRISBOW,49.0,192.0,295.0,170940.0,32820480.0,OVER,24.0,50427300.0,73.0,OVER,104,,OVER
Q2,DITEKTOR UANG PALSU,22.0,,105.0,65000.0,,OK,6.0,6825000.0,28.0,OVER,51,,OVER
Q2,DUST BIN KUNING 240 LTR (TEMPAT SAMPAH),25.0,18.0,48.0,565000.0,10170000.0,OK,1.0,27120000.0,26.0,OVER,102,,LOW
Q2,DUSTBIN STAINLESS BULAT,15.0,30.0,36.0,200000.0,6000000.0,OVER,5.0,7200000.0,20.0,OVER,27,,OVER
Q2,EMBER,13.0,3.0,107.0,249900.0,749700.0,OK,4.0,26739300.0,17.0,OVER,27,,OVER
Q2,EMBER 6 GL,14.0,45.0,77.0,80000.0,3600000.0,OVER,7.0,6160000.0,21.0,OVER,55,,OVER
Q2,EROS MELAMINE UK BESAR,30.0,25.0,78.0,11000.0,275000.0,OK,3.0,858000.0,33.0,OVER,52,,OVER
Q2,EROS STAINLESS UK 30 CC,30.0,,381.0,23000.0,,OK,7.0,8763000.0,37.0,OVER,81,,OVER
Q2,EROS STAINLESS UK 60 CC,19.0,,235.0,28000.0,,OK,4.0,6580000.0,23.0,OVER,67,,OVER
Q2,EROS STAINLESS UK 90 CC,25.0,,218.0,35000.0,,OK,7.0,7630000.0,32.0,OVER,72,,OVER
Q2,EROS STAINLESS UK BESAR,11.0,40.0,122.0,45000.0,1800000.0,OVER,3.0,5490000.0,14.0,OVER,26,,OVER
Q2,FILLING KABINET,7.0,23.0,35.0,1790000.0,41170000.0,OVER,2.0,62650000.0,9.0,OVER,36,,LOW
Q2,FOOD PAN KECIL,22.0,30.0,89.0,27500.0,825000.0,OVER,10.0,2447500.0,32.0,OVER,69,,OVER
Q2,GARPU ADUKAN MIE,96.0,23.0,43.0,70400.0,1619200.0,LOW,54.0,3027200.0,150.0,LOW,257,,LOW
Q2,GARPU MAKAN,24.0,25.0,868.0,27500.0,687500.0,OVER,0.0,23870000.0,24.0,OVER,23,,OVER
Q2,GAS BURNER ( LONG SHUN ),2.0,23.0,47.0,450000.0,10350000.0,OVER,2.0,21150000.0,4.0,OVER,0,MAINTENANCE,OVER
Q2,GAS KNOP DIA 8 MM W,,70.0,202.0,76226.0,5335820.0,OVER,0.0,15397652.0,0.0,OVER,0,MAINTENANCE,OVER
Q2,GAS KNOP F/JP SERIES,,175.0,245.0,93600.0,16380000.0,OVER,0.0,22932000.0,0.0,OVER,0,MAINTENANCE,OVER
Q2,GAS VALVE HIGH PREASURE (CONTROL SE),,,50.0,135000.0,,OK,0.0,6750000.0,0.0,OVER,0,MAINTENANCE,OVER
Q2,GAS VALVE HP DOUBLE TURBO,,40.0,122.0,186000.0,7440000.0,OVER,0.0,22692000.0,0.0,OVER,0,MAINTENANCE,OVER
Q2,GELAS KARYAWAN,1152.0,1340.0,2854.0,2449.5,3282330.0,OVER,141.0,6990873.0,1293.0,OVER,1200,,OVER
Q2,GELAS MINUMAN HANGAT,379.0,1200.0,1255.0,21667.0,26000400.0,OVER,62.0,27192085.0,441.0,OVER,816,,OVER
Q2,GELAS TEA,8612.0,12305.0,40620.0,7900.0,97209500.0,OVER,2036.0,320898000.0,10648.0,OVER,19611,,OVER
Q2,GELAS UKUR 130 ML,70.0,100.0,251.0,12700.0,1270000.0,OVER,10.0,3187700.0,80.0,OVER,125,,OVER
Q2,GOLOK,26.0,99.0,314.0,35000.0,3465000.0,OVER,8.0,10990000.0,34.0,OVER,90,,OVER
Q2,HAND DRAYER,9.0,9.0,29.0,1499000.0,13491000.0,OK,1.0,43471000.0,10.0,OVER,36,,LOW
Q2,HARD COVER HIMBAUAN,36.0,,159.0,25000.0,,OK,3.0,3975000.0,39.0,OVER,72,,OVER
Q2,HARD COVER MENU DIMSUM,293.0,650.0,872.0,15000.0,9750000.0,OVER,300.0,13080000.0,593.0,OVER,240,,OVER
Q2,JIGGER UK 20/30,24.0,40.0,103.0,46299.0,1851960.0,OVER,4.0,4768797.0,28.0,OVER,62,,OVER
Q2,JIGGER UK 20/40,24.0,40.0,111.0,49699.0,1987960.0,OVER,3.0,5516589.0,27.0,OVER,49,,OVER
Q2,JIGGER UK 30/40,26.0,60.0,96.0,52500.0,3150000.0,OVER,6.0,5040000.0,32.0,OVER,70,,OVER
Q2,KESET KOTAK KARET LUBANG,95.0,181.0,150.0,231920.0,41977520.0,OVER,40.0,34788000.0,135.0,OVER,161,,LOW
Q2,KLAKAT DIMSUM,7344.0,5633.0,2025.0,8000.0,45064000.0,LOW,2556.0,16200000.0,9900.0,LOW,15001,,LOW
Q2,KLAKAT PREMIUM,7038.0,25200.0,12945.0,15500.0,390600000.0,OVER,3458.0,200647500.0,10496.0,OVER,1860,,OVER
Q2,KNOP BOILER/WATER TAP HEAD,,108.0,161.0,85197.0,9201276.0,OVER,0.0,13716717.0,0.0,OVER,0,MAINTENANCE,OVER
Q2,KNOP F/GAS COOK DIAL,,75.0,66.0,84622.0,6346650.0,OVER,0.0,5585052.0,0.0,OVER,0,MAINTENANCE,OVER
Q2,KONTAINER PERFORATED,30.0,1020.0,70.0,105000.0,107100000.0,OVER,5.0,7350000.0,35.0,OVER,64,,OVER
Q2,KONTAINER SOLID,18.0,522.0,234.0,190000.0,99180000.0,OVER,3.0,44460000.0,21.0,OVER,40,,OVER
Q2,LADIES STICKER,19.0,30.0,211.0,22500.0,675000.0,OVER,5.0,4747500.0,24.0,OVER,47,,OVER
Q2,LEFT WATER TAP-RIGHT 02303964 (PD.2458E2,,58.0,118.0,838916.0,48657128.0,OVER,0.0,98992088.0,0.0,OVER,0,MAINTENANCE,OVER
Q2,LOCKER SET,59.0,147.0,114.0,1411087.0,207429789.0,OVER,2.0,160863918.0,61.0,OVER,240,,LOW
Q2,LOGGER,263.0,145.0,339.0,225000.0,32625000.0,OK,25.0,76275000.0,288.0,OVER,400,,LOW
Q2,MAGNET D 22 W/TREADED BOLT (SP),,,36.0,97251.0,,OK,0.0,3501036.0,0.0,OVER,0,MAINTENANCE,OVER
Q2,MESIN CUP SEALER,14.0,,79.0,775000.0,,OK,6.0,61225000.0,20.0,OVER,36,,OVER
Q2,MOB BUCKET (ALAT PEL SET),9.0,40.0,82.0,478688.0,19147520.0,OVER,2.0,39252416.0,11.0,OVER,46,,OVER
Q2,MUKENA,47.0,218.0,386.0,77266.0,16843988.0,OVER,13.0,29824676.0,60.0,OVER,138,,OVER
Q2,NAMPAN KARET BULAT,52.0,264.0,332.0,70000.0,18480000.0,OVER,13.0,23240000.0,65.0,OVER,97,,OVER
Q2,NAMPAN KARET KOTAK (DIMSUM),404.0,416.0,337.0,70000.0,29120000.0,OK,148.0,23590000.0,552.0,LOW,1021,,LOW
Q2,NAMPAN KAYU KOTAK,174.0,438.0,434.0,165000.0,72270000.0,OVER,115.0,71610000.0,289.0,OVER,244,,OVER
Q2,PALLET BIRU (DRY),73.0,113.0,49.0,743700.0,84038100.0,OK,40.0,36441300.0,113.0,LOW,150,,LOW
Q2,PALLET HIJAU (FROZEN),61.0,98.0,123.0,743700.0,72882600.0,OVER,7.0,91475100.0,68.0,OVER,100,,OVER
Q2,PANCI DANDANG DIMSUM UK 36,44.0,30.0,54.0,465000.0,13950000.0,OK,2.0,25110000.0,46.0,OVER,56,,LOW
Q2,PANCI ENDAPAN MINYAK UK 40,24.0,15.0,37.0,525000.0,7875000.0,OK,3.0,19425000.0,27.0,OVER,28,,OVER
Q2,PANCI KUKUS TAHU UK 36,5.0,,27.0,230000.0,,OK,2.0,6210000.0,7.0,OVER,9,,OVER
Q2,PANCI MIE,2432.0,4292.0,6595.0,79199.0,339922108.0,OVER,1152.0,522317405.0,3584.0,OVER,4171,,OVER
Q2,PANCI ORCHID UK 28,7.0,15.0,22.0,110000.0,1650000.0,OVER,0.0,2420000.0,7.0,OVER,18,,OVER
Q2,PANCI ORCHID UK 32 CM,26.0,20.0,98.0,150000.0,3000000.0,OK,9.0,14700000.0,35.0,OVER,51,,OVER
Q2,PANCI ORCHID UK 36,39.0,45.0,105.0,200000.0,9000000.0,OVER,4.0,21000000.0,43.0,OVER,90,,OVER
Q2,PAPAN AWAS LANTAI LICIN,12.0,20.0,68.0,42900.0,858000.0,OVER,2.0,2917200.0,14.0,OVER,32,,OVER
Q2,PAPAN TULIS,15.0,33.0,68.0,65000.0,2145000.0,OVER,2.0,4420000.0,17.0,OVER,33,,OVER
Q2,PEMATIK KOMPOR,178.0,248.0,171.0,17500.0,4340000.0,OK,35.0,2992500.0,213.0,LOW,165,MAINTENANCE,OK
Q2,PEMBATAS ANTRIAN,32.0,8.0,32.0,599900.0,4799200.0,OK,5.0,19196800.0,37.0,OK,76,,LOW
Q2,PEMUKUL DAGING,21.0,53.0,151.0,74300.0,3937900.0,OVER,6.0,11219300.0,27.0,OVER,62,,OVER
Q2,PIEZO IGNITER UK 18.MM,,165.0,323.0,109637.0,18090105.0,OVER,0.0,35412751.0,0.0,OVER,0,MAINTENANCE,OVER
Q2,PILOT 250 MM (KOMPOR HIGH PREASURE),4.0,40.0,80.0,50000.0,2000000.0,OVER,0.0,4000000.0,4.0,OVER,0,MAINTENANCE,OVER
Q2,PILOT BURNER F/BUNSEN,,93.0,236.0,248555.0,23115615.0,OVER,0.0,58658980.0,0.0,OVER,0,MAINTENANCE,OVER
Q2,PILOT SW 9000 (SP),,10.0,32.0,391619.0,3916190.0,OVER,0.0,12531808.0,0.0,OVER,0,MAINTENANCE,OVER
Q2,PIRING HAWAI BLACK,3609.0,9024.0,28446.0,28800.0,259891200.0,OVER,801.0,819244800.0,4410.0,OVER,17068,,OVER
Q2,PISAU BUAH BESAR,114.0,192.0,195.0,60000.0,11520000.0,OVER,38.0,11700000.0,152.0,OVER,140,,OVER
Q2,PISAU BUAH KECIL,123.0,260.0,196.0,24000.0,6240000.0,OVER,43.0,4704000.0,166.0,OVER,224,,LOW
Q2,PISAU GILING DAGING,58.0,125.0,230.0,150000.0,18750000.0,OVER,27.0,34500000.0,85.0,OVER,184,,OVER
Q2,PRAXIS KEEPER UK 900ML,59.0,384.0,477.0,15000.0,5760000.0,OVER,7.0,7155000.0,66.0,OVER,119,,OVER
Q2,PUMP DISPENSER,18.0,83.0,151.0,46699.0,3876017.0,OVER,7.0,7051549.0,25.0,OVER,48,,OVER
Q2,RAK GALON OJOL,5.0,,23.0,85000.0,,OK,1.0,1955000.0,6.0,OVER,17,,OVER
Q2,RAK KONTAINER KECIL,14.0,,73.0,105000.0,,OK,3.0,7665000.0,17.0,OVER,35,,OVER
Q2,RAK MUKENA,12.0,85.0,63.0,311600.0,26486000.0,OVER,4.0,19630800.0,16.0,OVER,46,,OVER
Q2,RAK PENITIPAN BARANG CUSTOMER,9.0,48.0,105.0,160000.0,7680000.0,OVER,2.0,16800000.0,11.0,OVER,34,,OVER
Q2,RAK SEPATU KARYAWAN,13.0,,93.0,55000.0,,OK,7.0,5115000.0,20.0,OVER,36,,OVER
Q2,REGULATOR,17.0,80.0,102.0,95000.0,7600000.0,OVER,10.0,9690000.0,27.0,OVER,75,MAINTENANCE,OVER
Q2,SAFETY GAS COOK (GASVALVE GS3878)8325183,,10.0,151.0,1639727.0,16397270.0,OVER,0.0,247598777.0,0.0,OVER,0,MAINTENANCE,OVER
Q2,SAFETY GAS VALVE WITH INLET BRACKET&SREW,,120.0,148.0,830963.0,99715560.0,OVER,0.0,122982524.0,0.0,OVER,0,MAINTENANCE,OVER
Q2,SAJADAH,44.0,218.0,301.0,31400.0,6845200.0,OVER,21.0,9451400.0,65.0,OVER,84,,OVER
Q2,SARINGAN MIE,1523.0,930.0,1926.0,82799.0,77003070.0,OK,78.0,159470874.0,1601.0,OVER,2200,,LOW
Q2,SARINGAN MINYAK,92.0,133.0,195.0,60000.0,7980000.0,OVER,22.0,11700000.0,114.0,OVER,156,,OVER
Q2,SARINGAN TEH GACOAN,66.0,140.0,445.0,32899.0,4605860.0,OVER,16.0,14640055.0,82.0,OVER,130,,OVER
Q2,SARUNG,48.0,180.0,214.0,62000.0,11160000.0,OVER,18.0,13268000.0,66.0,OVER,84,,OVER
Q2,SCALE OFF (PEMBERSIH TANGKI BOILER),121.0,120.0,129.0,159200.0,19104000.0,OK,10.0,20536800.0,131.0,OK,180,,LOW
Q2,SEAL PACK 3.5 LTR/3500 ML,358.0,168.0,295.0,20000.0,3360000.0,LOW,37.0,5900000.0,395.0,LOW,430,,LOW
Q2,SEAL PACK DIMSUM,726.0,1296.0,1057.0,34000.0,44064000.0,OVER,323.0,35938000.0,1049.0,OVER,980,,OK
Q2,SEAL PACK POWDER,162.0,144.0,380.0,16500.0,2376000.0,OK,37.0,6270000.0,199.0,OVER,320,,OVER
Q2,SENDOK ES STAINLESS,95.0,108.0,358.0,2292.0,247536.0,OVER,8.0,820536.0,103.0,OVER,206,,OVER
Q2,SENDOK MAKAN STAINLESS,36.0,80.0,1548.0,27500.0,2200000.0,OVER,0.0,42570000.0,36.0,OVER,23,,OVER
Q2,SENDOK TAKAR 12 GRM,183.0,3070.0,3831.0,2197.8,6747246.000000001,OVER,66.0,8419771.8,249.0,OVER,266,,OVER
Q2,SENDOK TAKAR PLASTIK,103.0,310.0,492.0,35000.0,10850000.0,OVER,25.0,17220000.0,128.0,OVER,222,,OVER
Q2,SENDOK TAKAR STAINLESS,142.0,610.0,1100.0,49699.0,30316390.0,OVER,13.0,54668900.0,155.0,OVER,368,,OVER
Q2,SEROK BESAR KAWAT,100.0,173.0,125.0,40000.0,6920000.0,OVER,12.0,5000000.0,112.0,OVER,40,,OVER
Q2,SEROK ICE,65.0,185.0,576.0,55000.0,10175000.0,OVER,11.0,31680000.0,76.0,OVER,135,,OVER
Q2,SHAKER 750,122.0,500.0,678.0,108100.0,54050000.0,OVER,27.0,73291800.0,149.0,OVER,223,,OVER
Q2,SPATULA MIE IBLIS ( SODET COKLAT ),116.0,300.0,471.0,45099.0,13529700.0,OVER,37.0,21241629.0,153.0,OVER,328,,OVER
Q2,SPATULA STAINLESS,175.0,267.0,438.0,75000.0,20025000.0,OVER,13.0,32850000.0,188.0,OVER,501,,LOW
Q2,STEMPEL,49.0,150.0,371.0,68500.0,10275000.0,OVER,6.0,25413500.0,55.0,OVER,135,,OVER
Q2,STICK PENGGANTI LAMPU,11.0,32.0,66.0,48200.0,1542400.0,OVER,2.0,3181200.0,13.0,OVER,32,,OVER
Q2,STIK DRUM,156.0,200.0,208.0,11000.0,2200000.0,OVER,27.0,2288000.0,183.0,OVER,230,,LOW
Q2,STRAINER BOWL STAINLESS LUBANG BASKOM KECIL,142.0,1396.0,1279.0,42000.0,58632000.0,OVER,18.0,53718000.0,160.0,OVER,498,,OVER
Q2,SUTIL,76.0,135.0,104.0,45000.0,6075000.0,OVER,7.0,4680000.0,83.0,OVER,82,,OVER
Q2,TALENAN PLASTIK,27.0,89.0,116.0,70000.0,6230000.0,OVER,4.0,8120000.0,31.0,OVER,81,,OVER
Q2,TANGGA 3 METER,7.0,86.0,100.0,1430000.0,122980000.0,OVER,1.0,143000000.0,8.0,OVER,36,,OVER
Q2,TANGKI BOILER,,,14.0,2461875.0,,OK,0.0,34466250.0,0.0,OVER,0,MAINTENANCE,OVER
Q2,TEKO BESAR ( BIANG TEH ),39.0,23.0,67.0,32500.0,747500.0,OK,6.0,2177500.0,45.0,OVER,73,,LOW
Q2,TEMPAT SAMPAH 80 L (TERTUTUP & INJAK),25.0,13.0,50.0,353813.0,4599569.0,OK,4.0,17690650.0,29.0,OVER,90,,LOW
Q2,TEMPAT SAMPAH ABU-ABU 20 LTR,69.0,88.0,71.0,106400.0,9363200.0,OVER,14.0,7554400.0,83.0,OK,239,,LOW
Q2,TEMPAT SAMPAH BESAR UK 80 LTR,13.0,45.0,68.0,165000.0,7425000.0,OVER,6.0,11220000.0,19.0,OVER,32,,OVER
Q2,TEMPAT SAMPAH KECIL UK 10 LTR,70.0,73.0,95.0,47500.0,3467500.0,OVER,18.0,4512500.0,88.0,OVER,172,,LOW
Q2,TEMPAT SENDOK,2.0,,21.0,22500.0,,OK,0.0,472500.0,2.0,OVER,19,,OVER
Q2,TEMPAT SENDOK FELICIA JUMBO,19.0,75.0,132.0,42462.0,3184650.0,OVER,4.0,5604984.0,23.0,OVER,77,,OVER
Q2,TEMPAT TIMER,48.0,43.0,16.0,30000.0,1290000.0,LOW,5.0,480000.0,53.0,LOW,45,,LOW
Q2,TERMOGUN,50.0,120.0,338.0,253080.0,30369600.0,OVER,33.0,85541040.0,83.0,OVER,106,,OVER
Q2,TERMOMETER,49.0,156.0,375.0,160000.0,24960000.0,OVER,29.0,60000000.0,78.0,OVER,151,,OVER
Q2,TERMOS AIR,23.0,24.0,76.0,340000.0,8160000.0,OVER,5.0,25840000.0,28.0,OVER,53,,OVER
Q2,THERMOCOUPLE,,138.0,251.0,178376.0,24615888.0,OVER,0.0,44772376.0,0.0,OVER,0,MAINTENANCE,OVER
Q2,"THERMOCOUPLE 2C 24"" GS 2185 (GRIDLE)",,10.0,10.0,183600.0,1836000.0,OVER,0.0,1836000.0,0.0,OVER,0,MAINTENANCE,OVER
Q2,TIMBANGAN 100 KG,17.0,49.0,46.0,1250000.0,61250000.0,OVER,4.0,57500000.0,21.0,OVER,35,,OVER
Q2,TIMBANGAN DIGITAL FORTUNO 30 KG,40.0,,373.0,700000.0,,OK,13.0,261100000.0,53.0,OVER,76,,OVER
Q2,TIMBANGAN DIGITAL KECIL,11.0,14.0,12.0,73400.0,1027600.0,OVER,7.0,880800.0,18.0,OK,27,,LOW
Q2,TIMER DIGITAL,1118.0,703.0,1138.0,16500.0,11599500.0,OK,488.0,18777000.0,1606.0,OK,1500,,LOW
Q2,TOOL BOX,10.0,40.0,52.0,808000.0,32320000.0,OVER,1.0,42016000.0,11.0,OVER,22,,OVER
Q2,TOPLES UK 18 LTR,497.0,408.0,401.0,48000.0,19584000.0,LOW,56.0,19248000.0,553.0,LOW,390,,OK
Q2,TOPLES UK 4 LTR,158.0,108.0,425.0,22000.0,2376000.0,OK,7.0,9350000.0,165.0,OVER,368,,OVER
Q2,TOPLES UK 9 LTR,324.0,366.0,269.0,30000.0,10980000.0,OK,27.0,8070000.0,351.0,LOW,250,,OK
Q2,TOWEL,1885.0,8040.0,35386.0,6500.0,52260000.0,OVER,244.0,230009000.0,2129.0,OVER,8649,,OVER
Q2,TROLLI CLEAR UP,26.0,130.0,90.0,1206293.0,156818090.0,OVER,13.0,108566370.0,39.0,OVER,150,,LOW
Q2,TROLLI LOADING,16.0,32.0,41.0,1550000.0,49600000.0,OVER,11.0,63550000.0,27.0,OVER,50,,LOW
Q2,WAJAN BESI UK 50',46.0,80.0,39.0,125000.0,10000000.0,OK,7.0,4875000.0,53.0,LOW,161,,LOW
Q2,WAJAN BESI UK 70',32.0,65.0,69.0,300000.0,19500000.0,OVER,5.0,20700000.0,37.0,OVER,120,,LOW
Q3,AKRILIC PRINTER,29.0,,222.0,41500.0,,OK,6.0,9213000.0,35.0,OVER,192,,OVER
Q3,ALAT PEL,25.0,42.0,110.0,35000.0,1470000.0,OVER,10.0,3850000.0,35.0,OVER,102,,OK
Q3,ALAT PEMADAM KEBAKARAN ( APAR ),4.0,41.0,16.0,750000.0,30750000.0,OVER,2.0,12000000.0,6.0,OVER,19,,LOW
Q3,AMBRO FLATWARE BASKET,9.0,10.0,65.0,85000.0,850000.0,OVER,12.0,5525000.0,21.0,OVER,32,,OVER
Q3,APAR POWDER 3KG,8.0,39.0,37.0,450000.0,17550000.0,OVER,3.0,16650000.0,11.0,OVER,27,,OVER
Q3,APAR TIPE K 6KG,4.0,20.0,19.0,1550000.0,31000000.0,OVER,1.0,29450000.0,5.0,OVER,16,,OVER
Q3,ASBAK,198.0,334.0,393.0,12500.0,4175000.0,OVER,129.0,4912500.0,327.0,OVER,400,,LOW
Q3,BABY CHAIR,16.0,66.0,177.0,300000.0,19800000.0,OVER,4.0,53100000.0,20.0,OVER,52,,OVER
Q3,BAK THAWING BULAT 80 L,4.0,32.0,32.0,165000.0,5280000.0,OVER,0.0,5280000.0,4.0,OVER,46,,LOW
Q3,BALON WHISK,24.0,45.0,58.0,65000.0,2925000.0,OVER,7.0,3770000.0,31.0,OVER,48,,OVER
Q3,BASKOM KOTAK BESAR,109.0,251.0,363.0,38000.0,9538000.0,OVER,37.0,13794000.0,146.0,OVER,360,,OK
Q3,BASKOM STAINLESS 12 CM,24.0,14.0,115.0,7200.0,100800.0,OK,1.0,828000.0,25.0,OVER,92,,OVER
Q3,BASKOM STAINLESS 18 CM,61.0,131.0,242.0,20000.0,2620000.0,OVER,6.0,4840000.0,67.0,OVER,168,,OVER
Q3,BASKOM STAINLESS UK 14 CM,18.0,,55.0,8400.0,,OK,7.0,462000.0,25.0,OVER,49,,OK
Q3,BASKOM STAINLESS UK 26 CM,16.0,25.0,24.0,37500.0,937500.0,OVER,3.0,900000.0,19.0,OVER,35,,LOW
Q3,BILL HOLDER,40.0,,483.0,120000.0,,OK,24.0,57960000.0,64.0,OVER,166,,OVER
Q3,BOTOL DIPPING BESAR,18.0,,267.0,12500.0,,OK,2.0,3337500.0,20.0,OVER,131,,OVER
Q3,BOTOL KECAP KECIL,169.0,373.0,401.0,10000.0,3730000.0,OVER,33.0,4010000.0,202.0,OVER,355,,OVER
Q3,BOTOL SPRAY,175.0,499.0,1741.0,15900.0,7934100.0,OVER,22.0,27681900.0,197.0,OVER,433,,OVER
Q3,BURNER GS UK 9 NP,16.0,20.0,52.0,2022677.0,40453540.0,OVER,10.0,105179204.0,26.0,OVER,0,MAINTENANCE,OVER
Q3,CADDY BAG,38.0,720.0,600.0,45800.0,32976000.0,OVER,21.0,27480000.0,59.0,OVER,166,,OVER
Q3,CAPIT SNACK ( BESAR ),70.0,127.0,131.0,16000.0,2032000.0,OVER,59.0,2096000.0,129.0,OVER,82,,OK
Q3,CASH BOX,5.0,23.0,38.0,649900.0,14947700.0,OVER,2.0,24696200.0,7.0,OVER,16,,OVER
Q3,CETING TRADISI ( BESAR ),98.0,192.0,339.0,45000.0,8640000.0,OVER,17.0,15255000.0,115.0,OVER,240,,OVER
Q3,CETING TRADISI ( KECIL ),22.0,,438.0,1167.0,,OK,19.0,511146.0,41.0,OVER,73,,OVER
Q3,COOL BOX 55LTR,8.0,19.0,25.0,790000.0,15010000.0,OVER,7.0,19750000.0,15.0,OVER,22,,OK
Q3,DIGITAL CALIPER,6.0,25.0,117.0,431416.0,10785400.0,OVER,3.0,50475672.0,9.0,OVER,27,,OVER
Q3,DISPENSER,14.0,15.0,40.0,193000.0,2895000.0,OVER,4.0,7720000.0,18.0,OVER,55,,LOW
Q3,DISPENSER SABUN KRISBOW,46.0,197.0,544.0,170940.0,33675180.0,OVER,17.0,92991360.0,63.0,OVER,104,,OVER
Q3,DITEKTOR UANG PALSU,20.0,20.0,58.0,65000.0,1300000.0,OK,4.0,3770000.0,24.0,OVER,51,,OVER
Q3,DUST BIN KUNING 240 LTR (TEMPAT SAMPAH),27.0,31.0,43.0,565000.0,17515000.0,OVER,9.0,24295000.0,36.0,OVER,102,,LOW
Q3,DUSTBIN STAINLESS BULAT,8.0,111.0,144.0,225000.0,24975000.0,OVER,4.0,32400000.0,12.0,OVER,27,,OVER
Q3,EMBER,8.0,31.0,89.0,249900.0,7746900.0,OVER,5.0,22241100.0,13.0,OVER,27,,OVER
Q3,EMBER 6 GL,20.0,23.0,49.0,80000.0,1840000.0,OVER,4.0,3920000.0,24.0,OVER,55,,LOW
Q3,EROS MELAMINE UK BESAR,23.0,27.0,32.0,14000.0,378000.0,OVER,11.0,448000.0,34.0,OK,52,,LOW
Q3,EROS STAINLESS UK 30 CC,22.0,,309.0,23000.0,,OK,8.0,7107000.0,30.0,OVER,81,,OVER
Q3,EROS STAINLESS UK 60 CC,15.0,,187.0,28000.0,,OK,5.0,5236000.0,20.0,OVER,67,,OVER
Q3,EROS STAINLESS UK 90 CC,14.0,,167.0,35000.0,,OK,5.0,5845000.0,19.0,OVER,72,,OVER
Q3,EROS STAINLESS UK BESAR,6.0,,99.0,45000.0,,OK,3.0,4455000.0,9.0,OVER,26,,OVER
Q3,FILLING KABINET,6.0,25.0,32.0,1600000.0,40000000.0,OVER,2.0,51200000.0,8.0,OVER,36,,LOW
Q3,FOOD PAN KECIL,23.0,50.0,78.0,27500.0,1375000.0,OVER,16.0,2145000.0,39.0,OVER,69,,OK
Q3,GARPU ADUKAN MIE,87.0,99.0,138.0,65000.0,6435000.0,OVER,131.0,8970000.0,218.0,OK,257,,LOW
Q3,GARPU MAKAN,48.0,,780.0,27500.0,,OK,12.0,21450000.0,60.0,OVER,23,,OVER
Q3,GAS BURNER ( LONG SHUN ),5.0,,37.0,450000.0,,OK,4.0,16650000.0,9.0,OVER,0,MAINTENANCE,OVER
Q3,GAS KNOP DIA 8 MM W,65.0,245.0,363.0,86596.0,21216020.0,OVER,38.0,31434348.0,103.0,OVER,0,MAINTENANCE,OVER
Q3,GAS KNOP F/JP SERIES,93.0,70.0,288.0,69299.0,4850930.0,OK,46.0,19958112.0,139.0,OVER,0,MAINTENANCE,OVER
Q3,GAS VALVE HIGH PREASURE (CONTROL SE),9.0,,32.0,135000.0,,OK,14.0,4320000.0,23.0,OVER,0,MAINTENANCE,OVER
Q3,GAS VALVE HP DOUBLE TURBO,14.0,,105.0,186000.0,,OK,12.0,19530000.0,26.0,OVER,0,MAINTENANCE,OVER
Q3,GELAS KARYAWAN,1036.0,1200.0,2663.0,2462.1,2954520.0,OVER,255.0,6556572.3,1291.0,OVER,1200,,OVER
Q3,GELAS MINUMAN HANGAT,380.0,480.0,940.0,21667.0,10400160.0,OVER,67.0,20366980.0,447.0,OVER,816,,OVER
Q3,GELAS TEA,8213.0,2845.0,17608.0,7900.0,22475500.0,OK,1849.0,139103200.0,10062.0,OVER,19611,,LOW
Q3,GELAS UKUR 130 ML,43.0,77.0,125.0,12700.0,977900.0,OVER,13.0,1587500.0,56.0,OVER,125,,OK
Q3,GOLOK,18.0,10.0,248.0,35000.0,350000.0,OK,7.0,8680000.0,25.0,OVER,90,,OVER
Q3,HAND DRAYER,5.0,17.0,31.0,1499000.0,25483000.0,OVER,3.0,46469000.0,8.0,OVER,36,,LOW
Q3,HARD COVER HIMBAUAN,21.0,131.0,120.0,25000.0,3275000.0,OVER,11.0,3000000.0,32.0,OVER,72,,OVER
Q3,HARD COVER MENU DIMSUM,73.0,,248.0,15000.0,,OK,27.0,3720000.0,100.0,OVER,240,,OK
Q3,JIGGER UK 20/30,14.0,29.0,76.0,46300.0,1342700.0,OVER,2.0,3518800.0,16.0,OVER,62,,OVER
Q3,JIGGER UK 20/40,15.0,27.0,79.0,49700.0,1341900.0,OVER,4.0,3926300.0,19.0,OVER,49,,OVER
Q3,JIGGER UK 30/40,13.0,29.0,70.0,52500.0,1522500.0,OVER,4.0,3675000.0,17.0,OVER,70,,OK
Q3,KESET KOTAK KARET LUBANG,35.0,152.0,272.0,247920.0,37683840.0,OVER,9.0,67434240.0,44.0,OVER,161,,OVER
Q3,KLAKAT DIMSUM,527.0,,,8000.0,,LOW,0.0,0.0,527.0,LOW,15001,,LOW
Q3,KLAKAT PREMIUM,7408.0,32177.0,23891.0,16000.0,514832000.0,OVER,8167.0,382256000.0,15575.0,OVER,1860,,OVER
Q3,KNOP BOILER/WATER TAP HEAD,49.0,60.0,228.0,52542.0,3152520.0,OVER,30.0,11979576.0,79.0,OVER,0,MAINTENANCE,OVER
Q3,KNOP F/GAS COOK DIAL,31.0,15.0,77.0,61248.0,918720.0,OK,34.0,4716096.0,65.0,OVER,0,MAINTENANCE,OVER
Q3,KONTAINER PERFORATED,20.0,76.0,154.0,105000.0,7980000.0,OVER,10.0,16170000.0,30.0,OVER,64,,OVER
Q3,KONTAINER SOLID,12.0,49.0,94.0,190000.0,9310000.0,OVER,6.0,17860000.0,18.0,OVER,40,,OVER
Q3,LADIES STICKER,15.0,,158.0,22500.0,,OK,9.0,3555000.0,24.0,OVER,47,,OVER
Q3,LEFT WATER TAP-RIGHT 02303964 (PD.2458E2,11.0,20.0,173.0,778849.0,15576980.0,OVER,20.0,134740877.0,31.0,OVER,0,MAINTENANCE,OVER
Q3,LOCKER SET,38.0,87.0,128.0,1411088.0,122764656.0,OVER,12.0,180619264.0,50.0,OVER,240,,LOW
Q3,LOGGER,185.0,242.0,202.0,225000.0,54450000.0,OVER,181.0,45450000.0,366.0,OK,400,,LOW
Q3,MAGNET D 22 W/TREADED BOLT (SP),10.0,15.0,26.0,48641.0,729615.0,OVER,10.0,1264666.0,20.0,OVER,0,MAINTENANCE,OVER
Q3,MESIN CUP SEALER,9.0,,46.0,775000.0,,OK,5.0,35650000.0,14.0,OVER,36,,OVER
Q3,MOB BUCKET (ALAT PEL SET),6.0,,84.0,478688.0,,OK,1.0,40209792.0,7.0,OVER,46,,OVER
Q3,MUKENA,18.0,,334.0,77266.0,,OK,9.0,25806844.0,27.0,OVER,138,,OVER
Q3,NAMPAN KARET BULAT,29.0,,219.0,70000.0,,OK,17.0,15330000.0,46.0,OVER,97,,OVER
Q3,NAMPAN KARET KOTAK (DIMSUM),495.0,760.0,573.0,75000.0,57000000.0,OVER,411.0,42975000.0,906.0,OK,1021,,LOW
Q3,NAMPAN KAYU KOTAK,399.0,861.0,514.0,165000.0,142065000.0,OVER,198.0,84810000.0,597.0,OK,244,,OVER
Q3,PALLET BIRU (DRY),48.0,100.0,39.0,743700.0,74370000.0,OK,39.0,29004300.0,87.0,LOW,150,,LOW
Q3,PALLET HIJAU (FROZEN),41.0,50.0,143.0,743700.0,37185000.0,OVER,10.0,106349100.0,51.0,OVER,100,,OVER
Q3,PANCI DANDANG DIMSUM UK 36,35.0,62.0,67.0,465000.0,28830000.0,OVER,12.0,31155000.0,47.0,OVER,56,,OK
Q3,PANCI ENDAPAN MINYAK UK 40,15.0,39.0,49.0,525000.0,20475000.0,OVER,3.0,25725000.0,18.0,OVER,28,,OVER
Q3,PANCI KUKUS TAHU UK 36,3.0,14.0,42.0,230000.0,3220000.0,OVER,0.0,9660000.0,3.0,OVER,9,,OVER
Q3,PANCI MIE,1316.0,4800.0,10082.0,79200.0,380160000.0,OVER,363.0,798494400.0,1679.0,OVER,4171,,OVER
Q3,PANCI ORCHID UK 28,10.0,14.0,23.0,110000.0,1540000.0,OVER,5.0,2530000.0,15.0,OVER,18,,OK
Q3,PANCI ORCHID UK 32 CM,24.0,42.0,68.0,150000.0,6300000.0,OVER,5.0,10200000.0,29.0,OVER,51,,OVER
Q3,PANCI ORCHID UK 36,32.0,76.0,87.0,200000.0,15200000.0,OVER,10.0,17400000.0,42.0,OVER,90,,LOW
Q3,PAPAN AWAS LANTAI LICIN,11.0,60.0,64.0,42900.0,2574000.0,OVER,6.0,2745600.0,17.0,OVER,32,,OVER
Q3,PAPAN TULIS,10.0,27.0,46.0,65000.0,1755000.0,OVER,2.0,2990000.0,12.0,OVER,33,,OVER
Q3,PEMATIK KOMPOR,163.0,294.0,284.0,17500.0,5145000.0,OVER,99.0,4970000.0,262.0,OVER,165,MAINTENANCE,OVER
Q3,PEMBATAS ANTRIAN,49.0,128.0,95.0,599900.0,76787200.0,OVER,52.0,56990500.0,101.0,OK,76,,OK
Q3,PEMUKUL DAGING,21.0,,129.0,74300.0,,OK,9.0,9584700.0,30.0,OVER,62,,OVER
Q3,PIEZO IGNITER UK 18.MM,57.0,50.0,401.0,91012.0,4550600.0,OK,88.0,36495812.0,145.0,OVER,0,MAINTENANCE,OVER
Q3,PILOT 250 MM (KOMPOR HIGH PREASURE),5.0,,68.0,50000.0,,OK,8.0,3400000.0,13.0,OVER,0,MAINTENANCE,OVER
Q3,PILOT BURNER F/BUNSEN,43.0,55.0,285.0,224254.0,12333970.0,OVER,56.0,63912390.0,99.0,OVER,0,MAINTENANCE,OVER
Q3,PILOT SW 9000 (SP),14.0,35.0,40.0,367317.0,12856095.0,OVER,16.0,14692680.0,30.0,OVER,0,MAINTENANCE,OVER
Q3,PIRING HAWAI BLACK,2153.0,3081.0,33201.0,28800.0,88732800.0,OVER,404.0,956188800.0,2557.0,OVER,17068,,OVER
Q3,PISAU BUAH BESAR,108.0,189.0,141.0,60000.0,11340000.0,OVER,6.0,8460000.0,114.0,OVER,140,,OK
Q3,PISAU BUAH KECIL,105.0,131.0,127.0,25000.0,3275000.0,OVER,49.0,3175000.0,154.0,OK,224,,LOW
Q3,PISAU GILING DAGING,27.0,7.0,143.0,129920.0,909440.0,OK,26.0,18578560.0,53.0,OVER,184,,LOW
Q3,PRAXIS KEEPER UK 900ML,53.0,,309.0,15000.0,,OK,10.0,4635000.0,63.0,OVER,119,,OVER
Q3,PUMP DISPENSER,8.0,,124.0,46699.0,,OK,7.0,5790676.0,15.0,OVER,48,,OVER
Q3,RAK GALON OJOL,4.0,,14.0,85000.0,,OK,1.0,1190000.0,5.0,OVER,17,,LOW
Q3,RAK KONTAINER KECIL,12.0,34.0,66.0,105000.0,3570000.0,OVER,4.0,6930000.0,16.0,OVER,35,,OVER
Q3,RAK MUKENA,5.0,,70.0,311600.0,,OK,2.0,21812000.0,7.0,OVER,46,,OVER
Q3,RAK PENITIPAN BARANG CUSTOMER,5.0,,88.0,160000.0,,OK,2.0,14080000.0,7.0,OVER,34,,OVER
Q3,RAK SEPATU KARYAWAN,8.0,2.0,57.0,55000.0,110000.0,OK,7.0,3135000.0,15.0,OVER,36,,OVER
Q3,REGULATOR,22.0,,57.0,95000.0,,OK,18.0,5415000.0,40.0,OVER,75,MAINTENANCE,LOW
Q3,SAFETY GAS COOK (GASVALVE GS3878)8325183,10.0,,131.0,1639727.0,,OK,10.0,214804237.0,20.0,OVER,0,MAINTENANCE,OVER
Q3,SAFETY GAS VALVE WITH INLET BRACKET&SREW,24.0,20.0,193.0,798308.0,15966160.0,OK,37.0,154073444.0,61.0,OVER,0,MAINTENANCE,OVER
Q3,SAJADAH,19.0,75.0,305.0,35000.0,2625000.0,OVER,7.0,10675000.0,26.0,OVER,84,,OVER
Q3,SARINGAN MIE,1270.0,1321.0,740.0,82800.0,109378800.0,OK,29.0,61272000.0,1299.0,LOW,2200,,LOW
Q3,SARINGAN MINYAK,73.0,96.0,107.0,60000.0,5760000.0,OVER,6.0,6420000.0,79.0,OVER,156,,LOW
Q3,SARINGAN TEH GACOAN,51.0,,278.0,32899.0,,OK,9.0,9145922.0,60.0,OVER,130,,OVER
Q3,SARUNG,19.0,75.0,217.0,55000.0,4125000.0,OVER,7.0,11935000.0,26.0,OVER,84,,OVER
Q3,SCALE OFF (PEMBERSIH TANGKI BOILER),112.0,115.0,129.0,159200.0,18308000.0,OVER,31.0,20536800.0,143.0,OK,180,,LOW
Q3,SEAL PACK 3.5 LTR/3500 ML,320.0,600.0,646.0,20000.0,12000000.0,OVER,99.0,12920000.0,419.0,OVER,430,,OVER
Q3,SEAL PACK DIMSUM,342.0,562.0,704.0,34000.0,19108000.0,OVER,76.0,23936000.0,418.0,OVER,980,,LOW
Q3,SEAL PACK POWDER,142.0,145.0,145.0,16000.0,2320000.0,OVER,12.0,2320000.0,154.0,OK,320,,LOW
Q3,SENDOK ES STAINLESS,42.0,126.0,322.0,2292.0,288792.0,OVER,18.0,738024.0,60.0,OVER,206,,OVER
Q3,SENDOK MAKAN STAINLESS,44.0,,1452.0,27500.0,,OK,28.0,39930000.0,72.0,OVER,23,,OVER
Q3,SENDOK TAKAR 12 GRM,65.0,,5493.0,2197.8,,OK,5.0,12072515.4,70.0,OVER,266,,OVER
Q3,SENDOK TAKAR PLASTIK,62.0,,282.0,35000.0,,OK,19.0,9870000.0,81.0,OVER,222,,OVER
Q3,SENDOK TAKAR STAINLESS,106.0,,748.0,49699.0,,OK,37.0,37174852.0,143.0,OVER,368,,OVER
Q3,SEROK BESAR KAWAT,77.0,84.0,55.0,40000.0,3360000.0,OK,31.0,2200000.0,108.0,LOW,40,,OK
Q3,SEROK ICE,46.0,7.0,418.0,55000.0,385000.0,OK,8.0,22990000.0,54.0,OVER,135,,OVER
Q3,SHAKER 750,72.0,,388.0,108100.0,,OK,18.0,41942800.0,90.0,OVER,223,,OVER
Q3,SPATULA MIE IBLIS ( SODET COKLAT ),104.0,200.0,189.0,45100.0,9020000.0,OVER,17.0,8523900.0,121.0,OVER,328,,LOW
Q3,SPATULA STAINLESS,126.0,,250.0,75000.0,,OK,41.0,18750000.0,167.0,OVER,501,,LOW
Q3,STEMPEL,18.0,,290.0,68500.0,,OK,6.0,19865000.0,24.0,OVER,135,,OVER
Q3,STICK PENGGANTI LAMPU,6.0,25.0,64.0,65000.0,1625000.0,OVER,2.0,4160000.0,8.0,OVER,32,,OVER
Q3,STIK DRUM,150.0,208.0,127.0,11000.0,2288000.0,OK,31.0,1397000.0,181.0,LOW,230,,LOW
Q3,STRAINER BOWL STAINLESS LUBANG BASKOM KECIL,90.0,,1418.0,42000.0,,OK,40.0,59556000.0,130.0,OVER,498,,OVER
Q3,SUTIL,54.0,67.0,69.0,45000.0,3015000.0,OVER,3.0,3105000.0,57.0,OVER,82,,LOW
Q3,TALENAN PLASTIK,25.0,53.0,88.0,70000.0,3710000.0,OVER,6.0,6160000.0,31.0,OVER,81,,OVER
Q3,TANGGA 3 METER,5.0,,82.0,1430000.0,,OK,3.0,117260000.0,8.0,OVER,36,,OVER
Q3,TANGKI BOILER,7.0,,11.0,2461875.0,,OK,1.0,27080625.0,8.0,OVER,0,MAINTENANCE,OVER
Q3,TEKO BESAR ( BIANG TEH ),29.0,57.0,78.0,32500.0,1852500.0,OVER,8.0,2535000.0,37.0,OVER,73,,OK
Q3,TEMPAT SAMPAH 80 L (TERTUTUP & INJAK),31.0,204.0,280.0,353812.5,72177750.0,OVER,10.0,99067500.0,41.0,OVER,90,,OVER
Q3,TEMPAT SAMPAH ABU-ABU 20 LTR,52.0,109.0,129.0,93632.0,10205888.0,OVER,18.0,12078528.0,70.0,OVER,239,,LOW
Q3,TEMPAT SAMPAH BESAR UK 80 LTR,17.0,,17.0,165000.0,,OK,9.0,2805000.0,26.0,OK,32,,LOW
Q3,TEMPAT SAMPAH KECIL UK 10 LTR,48.0,105.0,177.0,47500.0,4987500.0,OVER,13.0,8407500.0,61.0,OVER,172,,OK
Q3,TEMPAT SENDOK,,17.0,37.0,22500.0,382500.0,OVER,0.0,832500.0,0.0,OVER,19,,OVER
Q3,TEMPAT SENDOK FELICIA JUMBO,12.0,360.0,448.0,34669.0,12480840.0,OVER,7.0,15531712.0,19.0,OVER,77,,OVER
Q3,TEMPAT TIMER,28.0,53.0,45.0,30000.0,1590000.0,OVER,32.0,1350000.0,60.0,OK,45,,OK
Q3,TERMOGUN,27.0,15.0,276.0,253080.0,3796200.0,OK,2.0,69850080.0,29.0,OVER,106,,OVER
Q3,TERMOMETER,39.0,158.0,516.0,110000.0,17380000.0,OVER,20.0,56760000.0,59.0,OVER,151,,OVER
Q3,TERMOS AIR,19.0,49.0,60.0,340000.0,16660000.0,OVER,8.0,20400000.0,27.0,OVER,53,,OK
Q3,THERMOCOUPLE,53.0,45.0,333.0,154074.0,6933330.0,OK,56.0,51306642.0,109.0,OVER,0,MAINTENANCE,OVER
Q3,"THERMOCOUPLE 2C 24"" GS 2185 (GRIDLE)",12.0,43.0,60.0,152921.0,6575603.0,OVER,21.0,9175260.0,33.0,OVER,0,MAINTENANCE,OVER
Q3,TIMBANGAN 100 KG,11.0,6.0,34.0,1375000.0,8250000.0,OK,4.0,46750000.0,15.0,OVER,35,,LOW
Q3,TIMBANGAN DIGITAL FORTUNO 30 KG,27.0,43.0,266.0,700000.0,30100000.0,OVER,4.0,186200000.0,31.0,OVER,76,,OVER
Q3,TIMBANGAN DIGITAL KECIL,33.0,77.0,46.0,70000.0,5390000.0,OVER,48.0,3220000.0,81.0,OK,27,,OK
Q3,TIMER DIGITAL,605.0,747.0,776.0,16500.0,12325500.0,OVER,105.0,12804000.0,710.0,OVER,1500,,LOW
Q3,TOOL BOX,7.0,28.0,34.0,808000.0,22624000.0,OVER,4.0,27472000.0,11.0,OVER,22,,OVER
Q3,TOPLES UK 18 LTR,516.0,800.0,603.0,48000.0,38400000.0,OVER,135.0,28944000.0,651.0,OK,390,,OVER
Q3,TOPLES UK 4 LTR,142.0,159.0,269.0,22000.0,3498000.0,OVER,32.0,5918000.0,174.0,OVER,368,,LOW
Q3,TOPLES UK 9 LTR,275.0,429.0,424.0,30000.0,12870000.0,OVER,71.0,12720000.0,346.0,OVER,250,,OVER
Q3,TOWEL,2141.0,,33820.0,6500.0,,OK,444.0,219830000.0,2585.0,OVER,8649,,OVER
Q3,TROLLI CLEAR UP,33.0,70.0,209.0,1206292.5,84440475.0,OVER,20.0,252115132.5,53.0,OVER,150,,OVER
Q3,TROLLI LOADING,9.0,25.0,52.0,1550000.0,38750000.0,OVER,3.0,80600000.0,12.0,OVER,50,,OK
Q3,WAJAN BESI UK 50',35.0,50.0,50.0,125000.0,6250000.0,OVER,4.0,6250000.0,39.0,OVER,161,,LOW
Q3,WAJAN BESI UK 70',23.0,15.0,72.0,300000.0,4500000.0,OK,10.0,21600000.0,33.0,OVER,120,,LOW
Q4,AKRILIC PRINTER,53.0,61.0,145.0,41500.0,2531500.0,OVER,31.0,6017500.0,84.0,OVER,192,,LOW
Q4,ALAT PEL,41.0,49.0,105.0,41056.38562,2011762.8953800001,OVER,24.0,4310920.4901,65.0,OVER,102,,OK
Q4,ALAT PEMADAM KEBAKARAN ( APAR ),10.0,19.0,36.0,748103.2689,14213962.109100001,OVER,7.0,26931717.6804,17.0,OVER,19,,OVER
Q4,AMBRO FLATWARE BASKET,10.0,1.0,46.0,85000.0,85000.0,OK,8.0,3910000.0,18.0,OVER,32,,OVER
Q4,APAR POWDER 3KG,19.0,30.0,66.0,449199.6002,13475988.006,OVER,15.0,29647173.613199998,34.0,OVER,27,,OVER
Q4,APAR TIPE K 6KG,10.0,14.0,33.0,1550000.0,21700000.0,OVER,7.0,51150000.0,17.0,OVER,16,,OVER
Q4,ASBAK,266.0,342.0,384.0,12500.0,4275000.0,OVER,34.0,4800000.0,300.0,OVER,400,,LOW
Q4,BABY CHAIR,33.0,2.0,146.0,296867.54,593735.08,OK,15.0,43342660.839999996,48.0,OVER,52,,OVER
Q4,BAK THAWING BULAT 80 L,19.0,26.0,37.0,165000.0,4290000.0,OVER,4.0,6105000.0,23.0,OVER,46,,LOW
Q4,BALON WHISK,32.0,36.0,93.0,65000.0,2340000.0,OVER,14.0,6045000.0,46.0,OVER,48,,OVER
Q4,BASKOM KOTAK BESAR,172.0,130.0,452.0,38421.2,4994756.0,OK,138.0,17366382.4,310.0,OVER,360,,OK
Q4,BASKOM STAINLESS 12 CM,42.0,53.0,104.0,6350.65,336584.44999999995,OVER,28.0,660467.6,70.0,OVER,92,,OK
Q4,BASKOM STAINLESS 18 CM,95.0,77.0,282.0,20000.01,1540000.7699999998,OK,61.0,5640002.819999999,156.0,OVER,168,,OVER
Q4,BASKOM STAINLESS UK 14 CM,18.0,25.0,30.0,8400.0,210000.0,OVER,7.0,252000.0,25.0,OVER,49,,LOW
Q4,BASKOM STAINLESS UK 26 CM,15.0,18.0,25.0,37500.0,675000.0,OVER,8.0,937500.0,23.0,OVER,35,,LOW
Q4,BILL HOLDER,21.0,,422.0,120000.0,,OK,19.0,50640000.0,40.0,OVER,166,,OVER
Q4,BOTOL DIPPING BESAR,18.0,,207.0,12500.0,,OK,12.0,2587500.0,30.0,OVER,131,,OVER
Q4,BOTOL KECAP KECIL,244.0,235.0,678.0,10000.0,2350000.0,OK,94.0,6780000.0,338.0,OVER,355,,OVER
Q4,BOTOL SPRAY,262.0,,1091.0,15900.0,,OK,72.0,17346900.0,334.0,OVER,433,,OVER
Q4,BURNER GS UK 9 NP,14.0,30.0,63.0,2022677.0,60680310.0,OVER,11.0,127428651.0,25.0,OVER,0,MAINTENANCE,OVER
Q4,CADDY BAG,64.0,6.0,475.0,46316.35,277898.1,OK,44.0,22000266.25,108.0,OVER,166,,OVER
Q4,CAPIT SNACK ( BESAR ),72.0,47.0,131.0,16000.0,752000.0,OK,19.0,2096000.0,91.0,OVER,82,,OVER
Q4,CASH BOX,10.0,11.0,46.0,607360.75,6680968.25,OVER,7.0,27938594.5,17.0,OVER,16,,OVER
Q4,CETING TRADISI ( BESAR ),144.0,71.0,423.0,45028.55,3197027.0500000003,OK,87.0,19047076.650000002,231.0,OVER,240,,OVER
Q4,CETING TRADISI ( KECIL ),11.0,,397.0,1167.0,,OK,2.0,463299.0,13.0,OVER,73,,OVER
Q4,COOL BOX 55LTR,11.0,13.0,35.0,790000.0,10270000.0,OVER,6.0,27650000.0,17.0,OVER,22,,OVER
Q4,DIGITAL CALIPER,14.0,1.0,97.0,405136.17,405136.17,OK,9.0,39298208.49,23.0,OVER,27,,OVER
Q4,DISPENSER,18.0,14.0,39.0,193000.0,2702000.0,OK,13.0,7527000.0,31.0,OVER,55,,LOW
Q4,DISPENSER SABUN KRISBOW,45.0,4.0,442.0,162330.4365,649321.746,OK,27.0,71750052.933,72.0,OVER,104,,OVER
Q4,DITEKTOR UANG PALSU,29.0,33.0,78.0,75000.0,2475000.0,OVER,12.0,5850000.0,41.0,OVER,51,,OVER
Q4,DUST BIN KUNING 240 LTR (TEMPAT SAMPAH),25.0,54.0,60.0,565000.0,30510000.0,OVER,23.0,33900000.0,48.0,OVER,102,,LOW
Q4,DUSTBIN STAINLESS BULAT,12.0,1.0,121.0,226775.95,226775.95,OK,9.0,27439889.950000003,21.0,OVER,27,,OVER
Q4,EMBER,3.0,,111.0,249900.0,,OK,2.0,27738900.0,5.0,OVER,27,,OVER
Q4,EMBER 6 GL,18.0,16.0,44.0,80000.0,1280000.0,OK,8.0,3520000.0,26.0,OVER,55,,LOW
Q4,EROS MELAMINE UK BESAR,26.0,41.0,49.0,13241.76,542912.16,OVER,17.0,648846.24,43.0,OVER,52,,LOW
Q4,EROS STAINLESS UK 30 CC,45.0,4.0,221.0,29443.23,117772.92,OK,31.0,6506953.83,76.0,OVER,81,,OVER
Q4,EROS STAINLESS UK 60 CC,27.0,2.0,130.0,28128.7,56257.4,OK,16.0,3656731.0,43.0,OVER,67,,OVER
Q4,EROS STAINLESS UK 90 CC,29.0,2.0,111.0,34958.33,69916.66,OK,20.0,3880374.6300000004,49.0,OVER,72,,OVER
Q4,EROS STAINLESS UK BESAR,16.0,1.0,66.0,44998.92,44998.92,OK,7.0,2969928.7199999997,23.0,OVER,26,,OVER
Q4,FILLING KABINET,10.0,11.0,41.0,1603347.217,17636819.387,OVER,8.0,65737235.897,18.0,OVER,36,,OK
Q4,FOOD PAN KECIL,27.0,14.0,76.0,27489.04,384846.56,OK,17.0,2089167.04,44.0,OVER,69,,OK
Q4,GARPU ADUKAN MIE,168.0,1116.0,1542.0,61434.38,68560768.08,OVER,131.0,94731813.96,299.0,OVER,257,,OVER
Q4,GARPU MAKAN,16.0,,720.0,27500.0,,OK,8.0,19800000.0,24.0,OVER,23,,OVER
Q4,GAS BURNER ( LONG SHUN ),15.0,12.0,5.0,450000.0,5400000.0,LOW,11.0,2250000.0,26.0,LOW,0,MAINTENANCE,OK
Q4,GAS KNOP DIA 8 MM W,52.0,,222.0,86596.0,,OK,18.0,19224312.0,70.0,OVER,0,MAINTENANCE,OVER
Q4,GAS KNOP F/JP SERIES,67.0,,96.0,69299.0,,OK,22.0,6652704.0,89.0,OVER,0,MAINTENANCE,OVER
Q4,GAS VALVE HIGH PREASURE (CONTROL SE),12.0,13.0,30.0,135000.0,1755000.0,OVER,0.0,4050000.0,12.0,OVER,0,MAINTENANCE,OVER
Q4,GAS VALVE HP DOUBLE TURBO,17.0,,69.0,186000.0,,OK,14.0,12834000.0,31.0,OVER,0,MAINTENANCE,OVER
Q4,GELAS KARYAWAN,1021.0,2052.0,978.0,2461.0,5049972.0,OK,284.0,2406858.0,1305.0,LOW,1200,,LOW
Q4,GELAS MINUMAN HANGAT,475.0,555.0,1036.0,21667.0,12025185.0,OVER,244.0,22447012.0,719.0,OVER,816,,OK
Q4,GELAS TEA,12443.0,21494.0,14174.0,7900.0,169802600.0,OVER,1679.0,111974600.0,14122.0,OVER,19611,,LOW
Q4,GELAS UKUR 130 ML,77.0,120.0,176.0,55922.09778,6710651.7336,OVER,35.0,9842289.20928,112.0,OVER,125,,OVER
Q4,GOLOK,17.0,11.0,204.0,34999.68157,384996.49727,OK,7.0,7139935.04028,24.0,OVER,90,,OVER
Q4,HAND DRAYER,11.0,14.0,37.0,1499000.0,20986000.0,OVER,8.0,55463000.0,19.0,OVER,36,,OK
Q4,HARD COVER HIMBAUAN,50.0,100.0,180.0,25000.0,2500000.0,OVER,39.0,4500000.0,89.0,OVER,72,,OVER
Q4,HARD COVER MENU DIMSUM,85.0,140.0,171.0,15000.0,2100000.0,OVER,6.0,2565000.0,91.0,OVER,240,,LOW
Q4,JIGGER UK 20/30,27.0,47.0,68.0,40786.72,1916975.84,OVER,18.0,2773496.96,45.0,OVER,62,,OK
Q4,JIGGER UK 20/40,26.0,42.0,70.0,43760.84,1837955.2799999998,OVER,16.0,3063258.8,42.0,OVER,49,,OVER
Q4,JIGGER UK 30/40,30.0,30.0,70.0,46203.63,1386108.9,OK,16.0,3234254.0999999996,46.0,OVER,70,,OK
Q4,KESET KOTAK KARET LUBANG,9.0,,259.0,247920.0,,OK,1.0,64211280.0,10.0,OVER,161,,OVER
Q4,KLAKAT DIMSUM,,,,8000.0,,OK,0.0,0.0,0.0,OK,15001,,LOW
Q4,KLAKAT PREMIUM,4035.0,,14035.0,16000.0,,OK,1404.0,224560000.0,5439.0,OVER,1860,,OVER
Q4,KNOP BOILER/WATER TAP HEAD,28.0,,142.0,52542.0,,OK,6.0,7460964.0,34.0,OVER,0,MAINTENANCE,OVER
Q4,KNOP F/GAS COOK DIAL,25.0,31.0,18.0,71623.0,2220313.0,OK,23.0,1289214.0,48.0,LOW,0,MAINTENANCE,OK
Q4,KONTAINER PERFORATED,50.0,35.0,147.0,105006.76,3675236.5999999996,OK,40.0,15435993.719999999,90.0,OVER,64,,OVER
Q4,KONTAINER SOLID,30.0,947.0,100.0,190000.0,179930000.0,OVER,26.0,19000000.0,56.0,OVER,40,,OVER
Q4,LADIES STICKER,20.0,2.0,119.0,22500.0,45000.0,OK,14.0,2677500.0,34.0,OVER,47,,OVER
Q4,LEFT WATER TAP-RIGHT 02303964 (PD.2458E2,9.0,,157.0,778849.0,,OK,10.0,122279293.0,19.0,OVER,0,MAINTENANCE,OVER
Q4,LOCKER SET,79.0,76.0,141.0,1411088.0,107242688.0,OK,58.0,198963408.0,137.0,OVER,240,,LOW
Q4,LOGGER,169.0,170.0,340.0,215607.6,36653292.0,OVER,65.0,73306584.0,234.0,OVER,400,,LOW
Q4,MAGNET D 22 W/TREADED BOLT (SP),3.0,,20.0,48641.0,,OK,1.0,972820.0,4.0,OVER,0,MAINTENANCE,OVER
Q4,MESIN CUP SEALER,14.0,16.0,31.0,735500.0,11768000.0,OVER,8.0,22800500.0,22.0,OVER,36,,LOW
Q4,MOB BUCKET (ALAT PEL SET),11.0,1.0,60.0,494313.6958,494313.6958,OK,6.0,29658821.748,17.0,OVER,46,,OVER
Q4,MUKENA,40.0,3.0,246.0,77343.26,232029.77999999997,OK,17.0,19026441.959999997,57.0,OVER,138,,OVER
Q4,NAMPAN KARET BULAT,62.0,137.0,143.0,70000.0,9590000.0,OVER,39.0,10010000.0,101.0,OVER,97,,OVER
Q4,NAMPAN KARET KOTAK (DIMSUM),500.0,5448.0,3125.0,75000.0,408600000.0,OVER,298.0,234375000.0,798.0,OVER,1021,,OVER
Q4,NAMPAN KAYU KOTAK,178.0,220.0,663.0,165000.0,36300000.0,OVER,51.0,109395000.0,229.0,OVER,244,,OVER
Q4,PALLET BIRU (DRY),25.0,67.0,40.0,743700.0,49827900.0,OVER,19.0,29748000.0,44.0,OK,150,,LOW
Q4,PALLET HIJAU (FROZEN),94.0,102.0,77.0,743700.0,75857400.0,OK,83.0,57264900.0,177.0,LOW,100,,LOW
Q4,PANCI DANDANG DIMSUM UK 36,45.0,34.0,87.0,465000.0,15810000.0,OK,13.0,40455000.0,58.0,OVER,56,,OVER
Q4,PANCI ENDAPAN MINYAK UK 40,28.0,12.0,70.0,525000.0,6300000.0,OK,10.0,36750000.0,38.0,OVER,28,,OVER
Q4,PANCI KUKUS TAHU UK 36,4.0,,51.0,230000.0,,OK,1.0,11730000.0,5.0,OVER,9,,OVER
Q4,PANCI MIE,1617.0,,6298.0,79200.0,,OK,709.0,498801600.0,2326.0,OVER,4171,,OVER
Q4,PANCI ORCHID UK 28,7.0,10.0,21.0,110000.0,1100000.0,OVER,1.0,2310000.0,8.0,OVER,18,,OVER
Q4,PANCI ORCHID UK 32 CM,28.0,22.0,81.0,149999.9804,3299999.5688,OK,10.0,12149998.4124,38.0,OVER,51,,OVER
Q4,PANCI ORCHID UK 36,52.0,32.0,79.0,200000.0,6400000.0,OK,22.0,15800000.0,74.0,OVER,90,,LOW
Q4,PAPAN AWAS LANTAI LICIN,22.0,20.0,61.0,42897.69701,857953.9402000001,OK,17.0,2616759.5176100004,39.0,OVER,32,,OVER
Q4,PAPAN TULIS,21.0,18.0,68.0,65046.09,1170829.6199999999,OK,16.0,4423134.12,37.0,OVER,33,,OVER
Q4,PEMATIK KOMPOR,179.0,414.0,272.0,17500.0,7245000.0,OVER,89.0,4760000.0,268.0,OVER,165,MAINTENANCE,OVER
Q4,PEMBATAS ANTRIAN,36.0,58.0,77.0,599900.0,34794200.0,OVER,31.0,46192300.0,67.0,OVER,76,,OK
Q4,PEMUKUL DAGING,23.0,14.0,72.0,74300.0,1040200.0,OK,5.0,5349600.0,28.0,OVER,62,,OVER
Q4,PIEZO IGNITER UK 18.MM,32.0,,334.0,91012.0,,OK,17.0,30398008.0,49.0,OVER,0,MAINTENANCE,OVER
Q4,PILOT 250 MM (KOMPOR HIGH PREASURE),23.0,39.0,21.0,50000.0,1950000.0,OK,19.0,1050000.0,42.0,LOW,0,MAINTENANCE,OVER
Q4,PILOT BURNER F/BUNSEN,17.0,,240.0,224254.0,,OK,2.0,53820960.0,19.0,OVER,0,MAINTENANCE,OVER
Q4,PILOT SW 9000 (SP),6.0,,28.0,367317.0,,OK,2.0,10284876.0,8.0,OVER,0,MAINTENANCE,OVER
Q4,PIRING HAWAI BLACK,4309.0,360.0,24425.0,23214.26,8357133.6,OK,2660.0,567008300.5,6969.0,OVER,17068,,OVER
Q4,PISAU BUAH BESAR,101.0,85.0,202.0,59999.91,5099992.350000001,OK,25.0,12119981.82,126.0,OVER,140,,OVER
Q4,PISAU BUAH KECIL,103.0,98.0,210.0,26054.1,2553301.8,OK,32.0,5471361.0,135.0,OVER,224,,LOW
Q4,PISAU GILING DAGING,21.0,91.0,166.0,125000.0,11375000.0,OVER,23.0,20750000.0,44.0,OVER,184,,LOW
Q4,PRAXIS KEEPER UK 900ML,71.0,60.0,228.0,15000.0,900000.0,OK,35.0,3420000.0,106.0,OVER,119,,OVER
Q4,PUMP DISPENSER,10.0,1.0,103.0,45297.46,45297.46,OK,8.0,4665638.38,18.0,OVER,48,,OVER
Q4,RAK GALON OJOL,2.0,,10.0,85000.0,,OK,1.0,850000.0,3.0,OVER,17,,LOW
Q4,RAK KONTAINER KECIL,19.0,8.0,65.0,104999.99,839999.92,OK,15.0,6824999.350000001,34.0,OVER,35,,OVER
Q4,RAK MUKENA,11.0,1.0,49.0,311693.2986,311693.2986,OK,7.0,15272971.631399998,18.0,OVER,46,,OK
Q4,RAK PENITIPAN BARANG CUSTOMER,10.0,1.0,69.0,160000.0,160000.0,OK,8.0,11040000.0,18.0,OVER,34,,OVER
Q4,RAK SEPATU KARYAWAN,8.0,,37.0,55000.0,,OK,2.0,2035000.0,10.0,OVER,36,,OK
Q4,REGULATOR,19.0,25.0,16.0,95000.0,2375000.0,OK,8.0,1520000.0,27.0,LOW,75,MAINTENANCE,LOW
Q4,SAFETY GAS COOK (GASVALVE GS3878)8325183,5.0,2.0,122.0,2152155.0,4304310.0,OK,4.0,262562910.0,9.0,OVER,0,MAINTENANCE,OVER
Q4,SAFETY GAS VALVE WITH INLET BRACKET&SREW,21.0,,151.0,798308.0,,OK,10.0,120544508.0,31.0,OVER,0,MAINTENANCE,OVER
Q4,SAJADAH,36.0,3.0,273.0,31317.75,93953.25,OK,19.0,8549745.75,55.0,OVER,84,,OVER
Q4,SARINGAN MIE,1365.0,1789.0,1640.0,82800.0,148129200.0,OVER,301.0,135792000.0,1666.0,OK,2200,,LOW
Q4,SARINGAN MINYAK,91.0,86.0,150.0,60000.0,5160000.0,OK,18.0,9000000.0,109.0,OVER,156,,LOW
Q4,SARINGAN TEH GACOAN,65.0,104.0,159.0,28953.51,3011165.04,OVER,36.0,4603608.09,101.0,OVER,130,,OK
Q4,SARUNG,35.0,3.0,192.0,61317.36,183952.08000000002,OK,17.0,11772933.120000001,52.0,OVER,84,,OVER
Q4,SCALE OFF (PEMBERSIH TANGKI BOILER),137.0,132.0,116.0,159200.0,21014400.0,LOW,8.0,18467200.0,145.0,LOW,180,,LOW
Q4,SEAL PACK 3.5 LTR/3500 ML,355.0,214.0,699.0,39999.98961,8559997.77654,OK,186.0,27959992.737389997,541.0,OVER,430,,OVER
Q4,SEAL PACK DIMSUM,563.0,496.0,1128.0,34000.0,16864000.0,OK,355.0,38352000.0,918.0,OVER,980,,OK
Q4,SEAL PACK POWDER,95.0,84.0,160.0,16000.0,1344000.0,OK,39.0,2560000.0,134.0,OVER,320,,LOW
Q4,SENDOK ES STAINLESS,68.0,6.0,333.0,2292.14,13752.84,OK,45.0,763282.62,113.0,OVER,206,,OVER
Q4,SENDOK MAKAN STAINLESS,44.0,,1300.0,27500.0,,OK,28.0,35750000.0,72.0,OVER,23,,OVER
Q4,SENDOK TAKAR 12 GRM,99.0,,5260.0,2197.8,,OK,34.0,11560428.000000002,133.0,OVER,266,,OVER
Q4,SENDOK TAKAR PLASTIK,87.0,43.0,175.0,35041.6,1506788.8,OK,45.0,6132280.0,132.0,OVER,222,,LOW
Q4,SENDOK TAKAR STAINLESS,99.0,105.0,501.0,41831.19659,4392275.64195,OVER,29.0,20957429.49159,128.0,OVER,368,,OVER
Q4,SEROK BESAR KAWAT,91.0,111.0,135.0,40000.0,4440000.0,OVER,30.0,5400000.0,121.0,OVER,40,,OVER
Q4,SEROK ICE,60.0,6.0,271.0,73600.0,441600.0,OK,28.0,19945600.0,88.0,OVER,135,,OVER
Q4,SHAKER 750,98.0,161.0,236.0,95134.39137,15316637.010569999,OVER,43.0,22451716.36332,141.0,OVER,223,,OK
Q4,SPATULA MIE IBLIS ( SODET COKLAT ),119.0,168.0,172.0,45100.0,7576800.0,OVER,39.0,7757200.0,158.0,OVER,328,,LOW
Q4,SPATULA STAINLESS,122.0,229.0,124.0,74980.9,17170626.099999998,OVER,42.0,9297631.6,164.0,OK,501,,LOW
Q4,STEMPEL,43.0,21.0,216.0,68346.94,1435285.74,OK,11.0,14762939.040000001,54.0,OVER,135,,OVER
Q4,STICK PENGGANTI LAMPU,12.0,6.0,63.0,48826.86,292961.16000000003,OK,7.0,3076092.18,19.0,OVER,32,,OVER
Q4,STIK DRUM,148.0,201.0,191.0,11000.0,2211000.0,OVER,51.0,2101000.0,199.0,OK,230,,LOW
Q4,STRAINER BOWL STAINLESS LUBANG BASKOM KECIL,201.0,762.0,2032.0,41854.69,31893273.78,OVER,145.0,85048730.08,346.0,OVER,498,,OVER
Q4,SUTIL,68.0,82.0,104.0,151300.0,12406600.0,OVER,31.0,15735200.0,99.0,OVER,82,,OK
Q4,TALENAN PLASTIK,42.0,27.0,117.0,70001.59,1890042.93,OK,24.0,8190186.029999999,66.0,OVER,81,,OVER
Q4,TANGGA 3 METER,11.0,1.0,61.0,1427799.98,1427799.98,OK,7.0,87095798.78,18.0,OVER,36,,OVER
Q4,TANGKI BOILER,,,,2461875.0,,OK,0.0,0.0,0.0,OK,0,MAINTENANCE,OK
Q4,TEKO BESAR ( BIANG TEH ),42.0,24.0,94.0,32500.0,780000.0,OK,17.0,3055000.0,59.0,OVER,73,,OVER
Q4,TEMPAT SAMPAH 80 L (TERTUTUP & INJAK),36.0,3.0,286.0,356017.7448,1068053.2344,OK,26.0,101821075.0128,62.0,OVER,90,,OVER
Q4,TEMPAT SAMPAH ABU-ABU 20 LTR,70.0,56.0,165.0,106400.0,5958400.0,OK,20.0,17556000.0,90.0,OVER,239,,LOW
Q4,TEMPAT SAMPAH BESAR UK 80 LTR,2.0,1.0,1.0,167577.8223,167577.8223,LOW,0.0,167577.8223,2.0,LOW,32,,LOW
Q4,TEMPAT SAMPAH KECIL UK 10 LTR,82.0,68.0,200.0,47500.0,3230000.0,OK,47.0,9500000.0,129.0,OVER,172,,OK
Q4,TEMPAT SENDOK,2.0,,34.0,22500.0,,OK,0.0,765000.0,2.0,OVER,19,,OVER
Q4,TEMPAT SENDOK FELICIA JUMBO,29.0,4.0,395.0,36634.39264,146537.57056,OK,25.0,14470585.092799999,54.0,OVER,77,,OVER
Q4,TEMPAT TIMER,13.0,45.0,36.0,30000.0,1350000.0,OVER,3.0,1080000.0,16.0,OVER,45,,LOW
Q4,TERMOGUN,42.0,73.0,198.0,253000.0,18469000.0,OVER,9.0,50094000.0,51.0,OVER,106,,OVER
Q4,TERMOMETER,56.0,54.0,591.0,107273.75,5792782.5,OK,9.0,63398786.25,65.0,OVER,151,,OVER
Q4,TERMOS AIR,30.0,27.0,71.0,340000.0,9180000.0,OK,14.0,24140000.0,44.0,OVER,53,,OVER
Q4,THERMOCOUPLE,59.0,,196.0,154074.0,,OK,12.0,30198504.0,71.0,OVER,0,MAINTENANCE,OVER
Q4,"THERMOCOUPLE 2C 24"" GS 2185 (GRIDLE)",40.0,89.0,156.0,149770.0,13329530.0,OVER,16.0,23364120.0,56.0,OVER,0,MAINTENANCE,OVER
Q4,TIMBANGAN 100 KG,17.0,20.0,39.0,1250000.0,25000000.0,OVER,9.0,48750000.0,26.0,OVER,35,,OK
Q4,TIMBANGAN DIGITAL FORTUNO 30 KG,42.0,3.0,174.0,701988.242,2105964.726,OK,25.0,122145954.108,67.0,OVER,76,,OVER
Q4,TIMBANGAN DIGITAL KECIL,24.0,30.0,45.0,68989.3,2069679.0,OVER,9.0,3104518.5,33.0,OVER,27,,OVER
Q4,TIMER DIGITAL,684.0,836.0,1571.0,16440.19,13743998.839999998,OVER,265.0,25827538.49,949.0,OVER,1500,,OK
Q4,TOOL BOX,12.0,6.0,33.0,808000.0,4848000.0,OK,9.0,26664000.0,21.0,OVER,22,,OVER
Q4,TOPLES UK 18 LTR,527.0,638.0,799.0,48000.0,30624000.0,OVER,265.0,38352000.0,792.0,OVER,390,,OVER
Q4,TOPLES UK 4 LTR,147.0,175.0,287.0,21999.99,3849998.2500000005,OVER,71.0,6313997.130000001,218.0,OVER,368,,LOW
Q4,TOPLES UK 9 LTR,350.0,468.0,490.0,30000.0,14040000.0,OVER,128.0,14700000.0,478.0,OVER,250,,OVER
Q4,TOWEL,2775.0,60.0,26748.0,6503.854259,390231.25554,OK,320.0,173965093.719732,3095.0,OVER,8649,,OVER
Q4,TROLLI CLEAR UP,38.0,3.0,152.0,1209860.706,3629582.118,OK,23.0,183898827.312,61.0,OVER,150,,OK
Q4,TROLLI LOADING,16.0,16.0,21.0,1549999.96,24799999.36,OK,9.0,32549999.16,25.0,OK,50,,LOW
Q4,WAJAN BESI UK 50',51.0,75.0,86.0,125000.0,9375000.0,OVER,23.0,10750000.0,74.0,OVER,161,,LOW
Q4,WAJAN BESI UK 70',33.0,45.0,97.0,300000.0,13500000.0,OVER,20.0,29100000.0,53.0,OVER,120,,LOW
